Optimizer,objfname,ExecutionTime,Iter1,Iter2,Iter3,Iter4,Iter5,Iter6,Iter7,Iter8,Iter9,Iter10,Iter11,Iter12,Iter13,Iter14,Iter15,Iter16,Iter17,Iter18,Iter19,Iter20,Iter21,Iter22,Iter23,Iter24,Iter25,Iter26,Iter27,Iter28,Iter29,Iter30,Iter31,Iter32,Iter33,Iter34,Iter35,Iter36,Iter37,Iter38,Iter39,Iter40,Iter41,Iter42,Iter43,Iter44,Iter45,Iter46,Iter47,Iter48,Iter49,Iter50,Iter51,Iter52,Iter53,Iter54,Iter55,Iter56,Iter57,Iter58,Iter59,Iter60,Iter61,Iter62,Iter63,Iter64,Iter65,Iter66,Iter67,Iter68,Iter69,Iter70,Iter71,Iter72,Iter73,Iter74,Iter75,Iter76,Iter77,Iter78,Iter79,Iter80,Iter81,Iter82,Iter83,Iter84,Iter85,Iter86,Iter87,Iter88,Iter89,Iter90,Iter91,Iter92,Iter93,Iter94,Iter95,Iter96,Iter97,Iter98,Iter99,Iter100
DE,F1,0.37,68759.39,66027.49,64027.31,60115.82,56540.97,54335.7,52768.81,50993.37,47245.3,46313.19,43726.3,41738.63,40139.78,38648.25,36842.9,34900.15,34014.54,32898.21,31908.23,31262.62,29737.48,28674.53,27655.99,27106.75,26002.78,25237.85,25097.07,24148.93,22896.6,22380.6,21896.14,20989.88,20735.7,20151.91,18859.1,18745.79,18224.2,17956.65,17462.62,16548.65,15553.19,15309.67,14766.55,14119.11,13808.73,13437.12,12859.01,12534.95,12129.87,11577.66,11344.42,11183.91,10833.77,10571.37,10264.86,9874.32,9439.69,8958.15,8672.77,8579.34,8390.61,8176.35,7877.9,7576.32,7310.86,7071.37,6715.3,6502.91,6421.68,6179.02,5990.89,5806.74,5664.17,5531.59,5397.64,5262.81,5101.49,4892.29,4758.34,4542.09,4416.92,4309.57,4155.86,4007.58,3902.25,3754.24,3600.65,3512.18,3417.45,3332.01,3264.32,3202.65,3126.59,3011.14,2932.91,2820.92,2753.34,2696.77,2605.21,2451.09
DE,F2,0.35,5436955280537.88,2025339951509.64,1702628687518.85,474046630541.61,75314286440.65,51736286972.33,41828902482.05,9282249185.8,5749518065.18,2304289011.1,1709469592.6,1108257749.93,242011046.1,166572471.88,83686348.87,43412936.76,40531650.07,22789163.07,8860315.79,7780416.06,6139803.52,4916197.01,3534322.03,2440727.27,1216057.69,374520.2,170338.61,168913.78,147374.11,139246.52,132256.63,126770.06,107585.15,105117.69,103269.98,102766.91,93691.01,93567.94,58971.19,20361.99,20212.32,14025.46,14022.83,5073.4,2488.05,2487.74,1967.67,1950.86,1939.79,495.08,482.01,103.95,101.33,101.05,99.57,83.37,82.66,82.05,80.14,79.68,74.58,73.56,72.16,72.03,69.58,69.58,68.04,59.29,58.5,57.98,53.91,53.75,52.74,52.47,52.14,51.5,49.68,48.91,48.44,48.36,48.1,46.72,46.15,46.09,45.8,45.36,44.34,43.78,43.63,42.96,42.42,41.59,41.35,41.05,39.89,39.47,39.03,38.72,38.28,37.88
DE,F3,0.8,122190.56,118804.48,108808.95,106275.4,100517.25,99444.83,89912.16,88532.39,84049.39,80552.08,79656.25,77497.7,73614.48,71160.02,68265.18,68265.18,65974.72,65235.27,63663.11,61693.43,61032.04,58793.96,58289.03,57272.32,56418.88,55609.4,53893.24,53759.43,53076.82,51406.11,50707.01,49468.61,46646.84,46646.84,46444.03,45666.09,44675.17,44301.94,42986.95,42239.2,41414.39,40600.14,40155.46,39839.04,38796.58,38603.72,38332.27,37919.64,37370.48,36821.85,35904.51,34769.0,34499.49,34462.67,33799.99,33500.04,33500.04,33500.04,32335.31,32101.53,31685.98,31515.11,30896.34,30346.67,30279.81,29740.73,29612.27,29525.39,28587.38,28445.73,28298.19,27953.48,27813.89,27506.95,27147.05,27119.75,26486.63,26486.63,25785.95,25691.92,25387.99,25175.16,25065.09,24712.01,24525.18,24346.97,24098.57,24083.14,23710.88,23438.8,23083.6,22822.55,22486.18,22442.63,22442.63,22370.92,22040.25,21892.71,21238.11,20953.64
DE,F4,0.2,87.31,87.31,86.9,86.7,86.57,86.57,86.57,86.28,86.28,86.28,86.27,85.39,85.39,84.87,84.72,84.64,84.64,84.54,84.36,84.35,83.82,83.82,83.82,83.52,83.52,83.52,83.52,83.52,83.52,83.18,83.18,83.03,83.03,82.88,82.88,82.49,82.38,82.38,82.38,81.68,81.68,81.47,81.47,80.34,80.34,79.92,79.92,79.85,79.85,79.85,79.4,78.72,78.6,78.29,78.29,77.85,77.8,77.58,76.67,76.67,76.67,76.67,76.59,76.52,76.52,76.52,76.52,76.49,76.37,76.27,76.27,76.25,76.09,76.09,75.62,75.33,75.06,75.0,74.95,74.83,74.56,74.43,73.97,73.72,73.35,73.2,71.75,71.54,71.54,71.23,71.06,71.04,70.48,70.27,70.15,69.88,69.79,69.61,69.56,69.4
DE,F5,0.23,246739540.48,242458147.71,239328828.59,232080383.72,227688558.1,219015295.15,202233459.57,174775338.68,164216656.79,153702954.07,145605761.5,138355568.35,127722767.19,118076069.76,105063773.67,93154642.96,88304556.74,82583922.79,80962968.55,77262152.32,73544512.04,70867808.88,63208875.49,60293185.79,55699776.09,51626744.61,47200608.46,45660839.02,42883979.6,42161038.71,41420031.6,38959575.29,38203798.65,35042440.56,31776360.35,30817799.51,27804083.3,25898528.46,24607907.48,24097460.8,23130458.76,21960449.84,20802702.42,19717212.98,18700855.18,17597039.09,16457246.44,16023555.84,15929125.86,15885136.4,15272492.73,14360373.45,13893699.04,12582932.13,11949333.17,11419335.02,10883265.84,10292638.68,9596716.62,9404360.13,8947744.49,8601858.7,8342172.67,8191226.92,7801986.35,7520112.54,7282032.61,7106710.51,6725956.83,6552911.23,6300304.52,5978681.09,5607877.7,5451348.32,5309621.2,5062403.45,4710273.21,4506586.18,4382359.62,4072035.08,3974331.04,3804603.47,3506144.43,3335954.37,3314939.91,3179750.14,3063483.39,2950984.64,2825054.98,2716878.35,2561186.71,2498447.64,2397997.73,2336052.43,2226425.28,2158379.25,2070831.3,2004969.71,1873802.24,1739522.12
DE,F6,0.22,65678.29,63811.98,61075.02,57039.12,56002.88,54211.28,51510.0,50185.42,46590.87,44986.03,41573.34,40447.44,37885.23,36797.17,35888.83,35587.94,34277.25,33914.38,32812.12,31587.1,30828.79,30018.9,29178.27,28446.28,27079.65,26103.63,24687.99,23772.99,22936.87,21867.38,20573.88,19636.99,19343.93,19027.72,18875.16,18274.52,17725.98,17201.83,16733.92,16094.65,15780.01,15130.57,14938.92,14569.93,14122.03,13932.48,13475.02,12981.92,12183.76,11844.83,11644.74,10889.14,10430.69,10280.82,10158.38,9730.21,9666.93,9303.4,8876.82,8678.76,8533.6,8394.89,8227.83,8070.23,7667.72,7490.05,7103.16,6980.36,6808.3,6678.24,6463.17,6154.71,5819.93,5690.12,5432.48,5368.98,5250.62,5184.28,5132.73,4895.66,4749.07,4504.77,4298.38,4103.66,4054.52,3823.85,3704.04,3521.53,3451.21,3386.68,3312.3,3264.38,3154.0,3053.47,2891.4,2824.03,2779.39,2685.06,2665.51,2654.43
DE,F7,0.25,127.02,122.36,118.43,113.79,110.69,101.41,91.42,87.92,81.25,77.35,71.49,65.66,60.55,57.18,52.69,50.24,44.23,43.51,42.5,40.44,37.39,34.98,31.79,28.28,27.62,27.31,25.84,25.13,23.23,20.96,19.87,18.78,17.64,17.37,15.77,15.14,13.87,13.3,12.9,11.96,10.9,10.69,10.13,9.78,9.23,8.54,8.27,7.63,7.37,7.11,6.54,6.35,5.85,5.72,5.6,5.23,5.11,4.86,4.67,4.57,4.47,4.12,3.91,3.77,3.67,3.51,3.38,3.28,2.97,2.91,2.64,2.49,2.39,2.34,2.25,2.2,2.14,2.0,1.95,1.8,1.79,1.65,1.59,1.55,1.51,1.47,1.46,1.42,1.32,1.3,1.24,1.22,1.2,1.14,1.08,1.04,0.99,0.94,0.93,0.9
DE,F8,0.22,-2400.88,-2525.75,-2602.96,-2673.88,-2787.91,-2889.33,-2925.34,-2998.69,-3080.94,-3124.68,-3179.27,-3268.14,-3325.27,-3438.43,-3478.68,-3500.68,-3512.91,-3534.32,-3564.59,-3601.72,-3623.1,-3632.47,-3661.48,-3706.81,-3709.39,-3721.9,-3764.87,-3788.94,-3789.68,-3815.72,-3840.69,-3857.78,-3889.52,-3889.52,-3896.91,-3928.34,-3942.84,-3970.73,-3972.08,-3972.08,-3972.08,-3972.11,-3997.12,-4012.92,-4012.92,-4012.92,-4034.75,-4036.96,-4085.47,-4141.78,-4150.9,-4194.25,-4194.25,-4214.0,-4214.0,-4214.11,-4214.11,-4221.87,-4255.82,-4285.99,-4286.08,-4293.61,-4343.11,-4343.11,-4346.06,-4354.17,-4364.53,-4367.74,-4367.74,-4367.74,-4371.54,-4375.71,-4375.71,-4379.3,-4397.67,-4399.15,-4427.1,-4433.91,-4433.91,-4433.91,-4439.55,-4447.84,-4449.3,-4461.78,-4466.68,-4466.68,-4466.68,-4469.96,-4469.96,-4474.12,-4477.11,-4479.82,-4492.99,-4492.99,-4497.36,-4501.6,-4513.32,-4513.32,-4513.32,-4518.17
DE,F9,0.22,432.18,426.76,424.16,418.57,414.66,411.69,409.05,404.86,403.72,399.58,389.07,385.46,380.8,372.18,369.4,367.91,365.38,365.02,360.35,359.24,356.77,355.71,351.56,346.16,342.75,335.78,333.73,333.73,331.25,331.01,330.0,327.99,327.05,324.11,323.24,321.94,321.56,320.37,318.43,316.58,315.01,313.2,311.91,311.19,309.8,306.26,304.9,304.41,302.54,300.97,300.14,298.62,298.51,297.58,296.77,295.76,294.79,294.79,294.57,292.18,291.36,291.21,290.02,289.41,287.94,287.91,286.75,286.75,286.75,286.75,286.33,284.64,283.1,281.35,279.86,279.86,279.72,279.53,279.53,277.97,277.85,277.64,276.35,275.82,274.97,274.39,274.39,273.38,272.33,272.33,272.33,271.77,270.5,270.5,269.07,269.07,268.69,267.71,267.71,267.67
DE,F10,0.26,20.61,20.52,20.48,20.46,20.43,20.41,20.38,20.35,20.26,20.25,20.22,20.17,20.15,20.15,20.13,20.1,20.04,20.03,20.0,20.0,19.98,19.91,19.91,19.9,19.88,19.88,19.84,19.8,19.77,19.76,19.74,19.74,19.71,19.67,19.66,19.64,19.61,19.61,19.61,19.6,19.59,19.59,19.58,19.54,19.5,19.5,19.5,19.48,19.46,19.45,19.45,19.43,19.42,19.41,19.38,19.34,19.29,19.29,19.26,19.2,19.19,19.19,19.17,19.17,19.17,19.15,19.1,19.08,19.03,19.03,19.02,19.02,18.99,18.95,18.93,18.88,18.81,18.74,18.74,18.73,18.69,18.68,18.65,18.63,18.62,18.57,18.57,18.54,18.49,18.48,18.45,18.38,18.35,18.35,18.32,18.29,18.26,18.25,18.22,18.17
DE,F11,0.3,593.62,575.24,558.14,545.42,532.65,504.96,486.91,460.76,419.95,409.61,390.78,379.07,365.4,356.51,339.27,337.21,318.69,299.53,287.47,274.5,268.54,255.6,249.09,239.64,236.57,235.92,226.56,215.5,215.03,205.67,194.79,186.57,181.71,181.13,177.34,172.94,167.49,163.61,156.32,155.24,152.19,145.75,136.51,129.97,127.45,125.82,124.43,122.33,118.16,114.77,111.38,107.42,100.2,98.83,96.34,94.57,93.32,91.33,89.09,87.63,83.71,82.06,78.07,75.42,73.46,72.59,70.07,67.72,67.07,64.31,61.84,60.4,58.87,58.59,56.88,55.45,53.83,52.55,51.08,48.97,46.77,45.7,44.61,43.69,42.58,41.51,40.76,38.63,37.71,36.17,35.07,33.4,32.55,32.27,31.51,30.95,29.05,28.06,27.62,26.66
DE,F12,0.48,585187029.52,582637681.82,572903197.54,541006682.69,506400342.85,489765176.18,411858156.49,367847556.55,360251422.06,341166540.38,315518569.8,294530974.16,279311862.01,262209373.22,248946884.59,200267112.54,195974371.11,166259947.29,159062485.09,151817929.76,138604184.49,127345695.4,110696537.9,96539845.26,84598428.21,79883576.78,77905887.13,74587846.03,67920323.67,64669153.72,58047821.73,56230929.66,55587180.04,43993757.75,41332115.53,38544569.1,33930296.4,31051605.33,29543189.86,27577724.97,22889791.54,21551421.74,21209348.17,19156211.39,17945465.4,16085287.7,13409116.6,11976519.89,11465135.59,11159254.68,11159254.68,10749211.18,9888784.4,9848429.13,9367314.4,9139178.88,8963111.67,8482066.52,8427021.72,7804721.77,6861264.17,6204171.58,5657883.4,5424530.87,5038139.97,4770045.56,4364564.52,4035335.22,3975754.81,3433494.87,3244181.96,2976501.36,2491512.15,2385247.25,2314919.33,2241588.13,1943346.25,1647875.19,1473049.69,1329349.93,1289915.7,1266149.76,1095964.29,1060009.4,1004148.65,854643.78,840828.11,766353.83,669440.92,624512.21,601859.65,534924.48,517044.44,451184.42,436070.53,430403.64,345113.08,302245.91,294206.39,287912.2
DE,F13,0.47,1061932213.46,1040909447.6,1019213052.43,1006741278.47,989723123.17,926655985.49,904686318.18,774500058.0,731260042.81,718833724.08,666499329.33,603681629.97,513285428.96,457451748.18,408790401.88,354714000.46,336105002.13,327937176.51,311249441.7,277338680.27,251607757.63,237455804.07,208605821.72,192277111.01,181151878.44,168342379.28,166931775.34,162292535.31,148231715.68,123110349.01,118002942.57,117168713.02,107717289.76,102469649.21,94385317.82,90600861.97,86407070.56,82202261.76,77143156.66,66204527.11,63719951.27,61559774.99,59292182.62,55506023.53,53490002.98,51134897.66,50127817.56,45534418.85,42790830.17,40219047.72,38006912.96,35501710.85,31369743.99,30695405.13,29010339.22,28065824.98,26488950.9,25423022.46,22843084.19,21326398.77,19916581.44,18472778.21,17129656.12,16228509.43,15119878.1,14105047.54,13048880.41,12101246.33,11862012.19,11662539.71,11234407.98,10649114.92,10033596.59,9783163.1,9236715.34,8437849.92,7926745.15,7306909.72,6893777.82,6328503.88,5973881.73,5688998.53,5349800.68,5008309.76,4867073.02,4397711.91,4377652.11,4173553.47,3654429.58,3516877.16,3412682.01,3178225.37,2908555.72,2857022.7,2690626.28,2510955.45,2423327.56,2326983.63,2162975.18,2019527.6
DE,F14,1.49,55.28,43.02,20.28,13.71,10.64,9.46,7.75,7.27,6.58,6.58,6.11,5.67,5.38,5.38,5.27,4.96,4.58,4.18,3.86,3.72,3.72,3.53,3.45,3.38,3.12,3.05,3.04,2.98,2.87,2.87,2.72,2.68,2.67,2.51,2.43,2.43,2.35,2.31,2.24,2.19,2.19,2.02,1.93,1.91,1.9,1.88,1.87,1.84,1.84,1.84,1.79,1.72,1.7,1.69,1.58,1.58,1.58,1.46,1.36,1.35,1.24,1.24,1.23,1.23,1.23,1.23,1.23,1.23,1.23,1.23,1.23,1.23,1.23,1.23,1.23,1.23,1.23,1.23,1.23,1.23,1.23,1.23,1.23,1.23,1.23,1.23,1.23,1.23,1.23,1.23,1.23,1.23,1.23,1.23,1.23,1.23,1.23,1.23,1.23,1.23
DE,F15,0.17,0.1,0.08,0.06,0.03,0.03,0.02,0.02,0.02,0.02,0.02,0.01,0.01,0.01,0.01,0.01,0.01,0.01,0.01,0.01,0.01,0.01,0.01,0.01,0.01,0.0,0.0,0.0,0.0,0.0,0.0,0.0,0.0,0.0,0.0,0.0,0.0,0.0,0.0,0.0,0.0,0.0,0.0,0.0,0.0,0.0,0.0,0.0,0.0,0.0,0.0,0.0,0.0,0.0,0.0,0.0,0.0,0.0,0.0,0.0,0.0,0.0,0.0,0.0,0.0,0.0,0.0,0.0,0.0,0.0,0.0,0.0,0.0,0.0,0.0,0.0,0.0,0.0,0.0,0.0,0.0,0.0,0.0,0.0,0.0,0.0,0.0,0.0,0.0,0.0,0.0,0.0,0.0,0.0,0.0,0.0,0.0,0.0,0.0,0.0,0.0
DE,F16,0.09,0.13,-0.14,-0.51,-0.7,-0.78,-0.85,-0.9,-0.92,-0.97,-1.0,-1.01,-1.01,-1.02,-1.02,-1.02,-1.02,-1.03,-1.03,-1.03,-1.03,-1.03,-1.03,-1.03,-1.03,-1.03,-1.03,-1.03,-1.03,-1.03,-1.03,-1.03,-1.03,-1.03,-1.03,-1.03,-1.03,-1.03,-1.03,-1.03,-1.03,-1.03,-1.03,-1.03,-1.03,-1.03,-1.03,-1.03,-1.03,-1.03,-1.03,-1.03,-1.03,-1.03,-1.03,-1.03,-1.03,-1.03,-1.03,-1.03,-1.03,-1.03,-1.03,-1.03,-1.03,-1.03,-1.03,-1.03,-1.03,-1.03,-1.03,-1.03,-1.03,-1.03,-1.03,-1.03,-1.03,-1.03,-1.03,-1.03,-1.03,-1.03,-1.03,-1.03,-1.03,-1.03,-1.03,-1.03,-1.03,-1.03,-1.03,-1.03,-1.03,-1.03,-1.03,-1.03,-1.03,-1.03,-1.03,-1.03,-1.03
DE,F17,0.09,1.95,1.72,1.47,1.26,1.09,0.91,0.81,0.73,0.72,0.7,0.67,0.62,0.56,0.55,0.54,0.54,0.53,0.53,0.51,0.51,0.49,0.48,0.48,0.47,0.47,0.46,0.46,0.46,0.45,0.45,0.45,0.45,0.45,0.45,0.45,0.45,0.45,0.45,0.45,0.45,0.45,0.45,0.45,0.45,0.45,0.45,0.45,0.45,0.45,0.45,0.45,0.45,0.45,0.45,0.45,0.45,0.45,0.45,0.45,0.45,0.45,0.45,0.45,0.45,0.45,0.45,0.45,0.45,0.45,0.45,0.45,0.45,0.45,0.45,0.45,0.45,0.45,0.45,0.45,0.45,0.45,0.45,0.45,0.45,0.45,0.45,0.45,0.45,0.45,0.45,0.45,0.45,0.45,0.45,0.45,0.45,0.45,0.45,0.45,0.45
DE,F18,0.11,46.76,34.87,18.22,15.11,12.07,9.95,8.52,7.11,5.79,5.16,4.21,4.02,3.72,3.31,3.2,3.13,3.07,3.05,3.03,3.03,3.02,3.01,3.01,3.0,3.0,3.0,3.0,3.0,3.0,3.0,3.0,3.0,3.0,3.0,3.0,3.0,3.0,3.0,3.0,3.0,3.0,3.0,3.0,3.0,3.0,3.0,3.0,3.0,3.0,3.0,3.0,3.0,3.0,3.0,3.0,3.0,3.0,3.0,3.0,3.0,3.0,3.0,3.0,3.0,3.0,3.0,3.0,3.0,3.0,3.0,3.0,3.0,3.0,3.0,3.0,3.0,3.0,3.0,3.0,3.0,3.0,3.0,3.0,3.0,3.0,3.0,3.0,3.0,3.0,3.0,3.0,3.0,3.0,3.0,3.0,3.0,3.0,3.0,3.0,3.0
GA,F1,0.18,66423.57,64270.2,62756.58,60460.95,58966.25,57084.51,56074.64,54570.9,53295.44,52042.42,51635.53,50566.2,50115.3,48817.14,47404.25,46269.75,45342.33,44663.98,43810.31,43141.45,42456.96,41839.05,41043.91,40739.39,40326.55,39873.66,39459.74,38705.85,38578.02,38012.67,37129.73,36916.47,35979.01,35472.08,34939.6,34912.59,34147.95,33833.45,33223.97,32964.01,32864.91,32256.58,31483.66,31073.92,30792.97,30510.45,30319.24,29900.91,29746.88,29509.6,29359.52,29171.78,28975.51,28837.93,28778.96,28698.91,28405.85,28187.49,27905.71,27843.64,27799.21,27525.69,27285.58,27036.51,26881.49,26746.09,26672.86,26663.0,26090.41,25760.93,25729.38,25682.05,25484.51,25336.68,24988.82,24836.24,24791.78,24727.12,24332.9,24304.26,24056.52,23997.15,23845.68,23764.71,23688.31,23480.45,23251.18,22884.78,22769.95,22730.07,22637.39,22486.74,22267.47,22182.93,21884.15,21664.79,21323.8,21179.92,21115.63,21107.76
GA,F2,0.24,30019410599906.8,10611422082171.17,1696396299381.71,742678298909.88,559775803471.98,339426483790.08,238114192395.19,128916063636.2,55553176307.96,34307757003.15,33688831872.14,1712805360.09,579026943.27,533834602.21,414747601.14,400651752.73,352489103.53,224493713.03,113689079.74,95442380.4,73999181.08,63540495.8,61938794.02,59221079.13,59148221.06,59085084.07,47348680.29,15751662.53,12553185.71,12521326.25,5153703.77,4039104.67,3815716.91,2785615.73,2553001.19,2263143.87,1699775.96,1604884.74,1435916.09,478643.76,197810.01,193922.09,192150.31,191541.66,190240.91,152149.05,127466.86,124505.89,121240.57,116954.23,116608.03,64293.52,64231.83,64231.83,51951.09,50757.2,50667.91,44279.48,44279.48,44279.48,44173.16,44172.19,36824.77,35834.17,35784.4,35774.4,14697.29,14016.99,10827.95,7407.82,7401.59,7381.88,7376.45,3315.44,3098.14,3097.08,3073.61,2907.46,2851.48,1584.93,1549.11,1401.87,1401.03,1395.01,1293.99,1278.95,1278.55,613.88,612.77,607.05,568.33,540.53,477.07,470.79,378.65,378.47,378.47,306.45,306.11,306.04
GA,F3,0.72,157239.51,141747.69,121651.64,109816.33,103787.68,99428.54,89189.42,87548.7,83820.55,82326.88,81279.82,79931.13,76041.49,73929.19,73180.51,72802.97,70764.54,69743.08,68200.15,66909.25,66848.87,66848.87,65911.7,64850.47,63225.11,62222.78,61596.04,60427.61,60062.07,59830.67,58943.78,58470.92,57726.36,56943.05,56687.04,56035.7,55249.34,54453.39,54413.88,54237.24,53468.55,52628.7,52392.78,52068.88,51527.73,51329.8,50689.7,50432.78,49863.65,49737.28,49318.96,49055.76,48314.73,47920.61,47920.61,47918.13,47833.63,47712.11,47712.11,47300.78,47077.58,47077.58,46927.98,46575.93,46456.04,46061.68,45935.74,45703.73,45228.86,45000.5,44975.44,44880.73,44677.78,44379.67,44161.41,43967.64,43907.16,43907.16,43645.88,43514.58,43401.36,43354.71,43354.71,43006.23,42944.61,42726.97,42572.74,42572.74,42558.86,42035.96,42035.96,41803.81,41432.67,41383.1,41298.99,41173.12,41169.21,41070.81,40587.46,40587.46
GA,F4,0.13,87.94,87.13,86.14,85.54,84.72,83.93,83.42,82.79,81.98,81.4,81.16,81.07,80.87,80.76,79.94,79.53,78.9,78.79,78.54,78.42,78.19,77.89,77.89,77.75,77.47,77.47,77.33,77.23,76.94,76.75,76.7,76.41,76.41,76.25,76.08,75.99,75.96,75.94,75.81,75.7,75.64,75.54,75.34,75.34,75.34,74.77,74.75,74.59,74.25,74.19,74.18,74.18,74.12,74.03,73.72,73.59,73.59,73.54,73.54,73.46,73.41,73.41,73.41,73.3,73.29,73.29,73.13,73.13,73.13,73.1,72.76,72.35,72.35,72.22,72.09,72.0,71.88,71.88,71.62,71.62,71.59,71.31,71.31,71.31,71.31,71.05,70.83,70.8,70.55,70.55,70.53,70.45,70.38,70.13,70.12,70.07,70.06,69.88,69.79,69.78
GA,F5,0.16,273076460.7,248480841.18,234031321.21,213258958.98,199593824.46,188106864.19,179406770.43,169555335.38,164218297.29,157819539.56,152530818.05,145391847.26,138444336.55,134325105.44,122150764.9,120110966.04,116212921.98,110786532.79,107770464.8,102143989.29,97775511.44,96628332.89,94547234.24,89910248.58,88670278.32,87122056.05,85092760.07,83837020.01,81614701.28,78314275.01,77125837.46,75739711.9,75003959.91,74162854.12,72067667.85,71578922.31,70928117.43,68892376.11,67548266.22,67007902.54,65992571.9,64993045.73,64736696.52,62674933.73,62328522.56,61367776.62,60362012.49,58840792.67,57678068.99,55527674.41,55248503.7,54310916.04,53827637.21,52842039.56,50951207.51,50756143.31,50459281.21,49904150.09,49443222.52,48852353.97,48573268.59,48302432.25,47086646.06,46936912.51,46814112.5,45993409.64,45837625.07,45477676.29,44311886.29,43733797.79,42507702.49,42246410.48,41821770.13,41367608.5,41106342.83,40635860.3,40205628.67,39904507.19,39466474.93,39363197.47,38714744.15,38524211.68,38136478.43,38068291.69,37894704.6,37660594.64,36709559.68,36677214.7,36613949.15,36524673.75,36103910.1,36025824.15,35809834.71,35372015.15,35371501.97,34680336.63,33819273.18,33523772.74,33473539.52,33332935.58
GA,F6,0.14,69419.86,65992.43,64122.19,62474.0,61237.48,59614.98,58710.07,57399.86,55567.14,54238.71,53528.72,52712.33,50910.85,50146.13,48964.69,46911.49,45864.51,45134.8,44800.37,44118.19,42962.91,42214.02,41883.32,40937.64,40018.76,38963.78,38293.54,38144.78,37018.42,36445.28,35981.54,35231.3,34971.84,34095.2,33955.24,33789.78,33262.77,32781.1,32546.75,32348.67,31953.7,31710.32,31205.24,30979.83,30945.01,30690.09,30365.27,30280.67,30008.97,29596.01,29344.7,28919.27,28579.09,28309.36,28255.46,28107.22,27794.32,27764.74,27327.14,27025.05,26973.02,26852.56,26480.91,26329.34,25871.59,25859.43,25791.16,25679.64,25533.42,25179.76,24922.71,24898.13,24859.75,24462.35,24247.94,24189.63,24133.49,24094.41,23909.96,23693.48,23604.8,23422.7,23189.41,23120.01,22939.82,22899.83,22662.08,22556.18,22289.27,22074.68,21845.3,21822.24,21713.08,21593.36,21508.22,21464.29,21428.65,21397.35,21254.21,21167.11
GA,F7,0.17,119.67,115.43,107.91,101.43,95.07,93.07,90.26,85.65,83.31,81.04,79.84,74.64,72.81,70.31,66.58,64.65,63.09,60.38,59.5,56.25,53.9,52.71,52.51,48.76,47.3,46.1,44.12,43.34,42.66,41.84,41.05,39.54,37.76,36.58,35.37,35.04,34.61,32.93,32.44,32.0,30.11,29.65,29.15,28.23,27.91,27.46,27.2,26.67,26.26,26.12,25.82,25.51,24.32,24.04,23.75,23.58,23.38,23.24,22.98,22.05,21.6,21.41,20.84,20.73,20.75,20.43,20.02,19.88,19.56,19.65,19.39,19.27,19.18,19.24,19.05,18.79,18.63,18.53,18.37,18.34,18.28,17.87,17.09,17.01,16.73,16.79,16.61,16.29,16.07,15.96,15.76,15.54,15.36,15.35,15.18,15.15,15.17,15.22,14.89,14.89
GA,F8,0.14,-2156.24,-2524.71,-2753.21,-3034.65,-3140.89,-3260.18,-3381.33,-3463.76,-3514.93,-3616.95,-3646.85,-3717.34,-3775.81,-3856.79,-3904.64,-3951.95,-3992.09,-4047.85,-4079.39,-4134.72,-4210.12,-4232.19,-4260.48,-4350.87,-4399.96,-4461.99,-4576.47,-4658.44,-4697.66,-4762.65,-4817.23,-4879.42,-4950.23,-5016.7,-5074.81,-5120.99,-5136.24,-5218.56,-5251.65,-5296.59,-5323.1,-5373.78,-5415.19,-5469.81,-5493.81,-5537.77,-5580.21,-5616.47,-5673.65,-5720.73,-5733.07,-5750.49,-5774.75,-5799.66,-5845.76,-5891.11,-5926.7,-5961.42,-5990.59,-6050.97,-6087.01,-6146.45,-6185.47,-6225.03,-6253.16,-6327.68,-6362.82,-6380.35,-6419.89,-6481.66,-6520.17,-6544.93,-6573.38,-6605.08,-6616.36,-6630.37,-6643.67,-6683.3,-6694.73,-6718.84,-6733.09,-6750.68,-6787.81,-6824.31,-6830.52,-6858.42,-6890.83,-6919.73,-6958.45,-6983.93,-6998.09,-7030.51,-7043.02,-7063.0,-7083.31,-7110.57,-7122.1,-7162.9,-7203.65,-7254.95
GA,F9,0.16,443.38,434.46,429.71,418.41,415.35,409.92,404.7,401.05,398.52,394.23,388.84,385.59,384.12,376.44,371.36,368.95,366.5,362.86,360.5,357.13,353.52,349.97,348.2,345.48,342.28,340.31,340.08,338.05,335.43,332.45,330.44,329.09,327.52,325.82,323.19,322.85,320.38,317.9,313.94,308.31,307.31,306.53,304.97,302.16,301.49,298.96,296.79,294.72,291.59,289.57,288.14,286.12,285.16,284.46,282.73,282.59,281.66,280.63,280.2,278.7,277.82,276.53,275.87,274.55,274.03,272.59,271.76,269.41,268.9,267.74,266.28,265.34,265.34,265.09,262.45,261.31,261.13,260.37,260.31,258.77,257.89,257.04,255.72,254.84,254.66,253.14,251.92,250.7,249.16,249.03,248.11,247.85,247.34,245.05,244.76,243.86,243.4,242.15,241.61,241.32
GA,F10,0.19,20.68,20.66,20.63,20.59,20.56,20.52,20.48,20.46,20.44,20.4,20.37,20.36,20.34,20.32,20.28,20.27,20.26,20.25,20.24,20.21,20.19,20.16,20.15,20.12,20.1,20.08,20.07,20.05,20.03,20.02,20.0,20.0,19.97,19.92,19.91,19.9,19.88,19.88,19.85,19.83,19.81,19.81,19.8,19.8,19.78,19.77,19.75,19.73,19.73,19.73,19.71,19.7,19.69,19.68,19.68,19.66,19.64,19.62,19.61,19.6,19.6,19.59,19.58,19.56,19.56,19.56,19.55,19.54,19.54,19.54,19.5,19.47,19.46,19.44,19.44,19.42,19.42,19.41,19.41,19.4,19.4,19.4,19.37,19.37,19.37,19.37,19.36,19.36,19.34,19.34,19.34,19.33,19.32,19.31,19.28,19.27,19.27,19.25,19.25,19.25
GA,F11,0.2,597.52,579.53,569.34,552.02,539.89,527.45,517.52,500.33,481.78,473.1,470.48,457.61,447.57,445.76,440.49,434.85,430.34,425.41,419.22,412.85,407.41,404.02,399.41,388.27,384.43,381.13,376.67,368.47,363.75,362.17,354.71,348.07,340.04,334.4,328.82,325.8,320.47,312.64,310.82,304.54,301.68,301.1,298.19,292.86,292.11,287.53,281.92,276.4,276.35,273.75,271.42,264.38,262.0,260.75,258.42,255.3,251.63,250.62,248.47,247.02,244.22,242.05,240.58,238.53,233.8,231.91,230.53,229.71,226.47,225.53,224.03,223.23,220.33,216.08,215.88,214.9,212.89,210.69,208.6,206.68,204.01,201.6,200.74,200.09,199.44,196.01,194.3,191.45,190.22,188.14,187.49,187.15,186.8,184.94,183.57,182.48,180.84,179.26,178.99,178.43
GA,F12,0.27,552938229.24,502096398.34,470506970.88,436098049.94,399553986.22,358964980.15,329206274.86,320673597.41,298938127.21,281773702.39,262937095.9,256414956.09,242518433.38,229759252.36,219969053.38,216886276.67,201482396.22,194095781.78,188773963.36,177943591.79,171489261.78,168854420.25,165022878.48,158644105.13,154295422.39,153193826.6,149905554.7,143621875.51,139448101.35,137217207.87,131128841.7,129134882.84,126373710.31,123280837.87,120493655.98,119371458.68,115798290.67,110031778.58,107320973.21,105045547.39,103870153.99,99724682.13,93384623.24,88626478.46,82707159.19,80154253.54,78539678.05,77323545.32,74072281.39,72707921.0,70169704.81,68302532.69,67760757.32,64385934.24,63066850.41,61817514.4,59244340.17,57403431.14,56209181.8,54772827.25,54158692.69,51390353.45,50312672.72,50234011.68,48593187.55,48232003.95,45924943.35,44815362.89,44815362.82,44621912.79,43317721.1,42934864.46,41170434.81,40844512.03,40002435.55,39915043.93,38507727.54,38402239.26,37092632.49,36885703.56,35507405.76,34566556.97,34240154.79,34097342.59,33328513.22,33101553.76,32443799.7,31627698.73,30309839.74,30136977.09,29907573.06,28957512.29,28208138.78,28173839.69,27510756.07,27371066.3,27171555.67,26838575.97,26255958.05,25592601.02
GA,F13,0.3,1143721552.33,1051145286.65,933701393.17,880201335.58,867872631.22,793851451.85,749857334.59,719672322.53,683756069.05,677601929.29,633998772.09,612353496.51,594080928.37,563631973.19,545292394.15,537782274.2,527386668.03,508602189.45,470772275.74,453344481.07,425642056.44,400851426.58,392068561.32,377145356.2,361960654.34,356675502.78,347738754.76,332852933.74,322599621.94,311518355.42,305517805.97,302936323.49,296407347.51,277285228.36,269707893.9,265651081.88,256518196.03,245361810.27,242622465.78,238496707.63,232673216.4,231393746.8,227089428.55,220688395.82,214937923.56,207945441.01,204249688.63,203106701.16,202324683.36,201282645.99,198129057.54,192535571.4,189399746.55,182196303.59,177002594.01,172762403.11,172318202.69,167669702.38,165713377.66,159337481.42,155336037.45,155118905.39,154828690.82,149839165.12,147047689.0,144470697.81,144008465.36,143218545.33,141134899.04,139574552.46,136533111.41,136089141.9,134999667.27,134104225.52,129373436.18,126157130.96,123026508.63,122199786.88,122086093.71,116030534.1,114840321.41,113761441.59,112916250.68,112551599.91,112069379.8,107268242.31,106337457.45,105339251.82,104412107.13,101416253.27,98526725.28,97443976.69,96948914.36,94994058.39,94402566.06,94320956.98,93649300.34,93325215.13,92302583.94,91490886.47
GA,F14,1.88,138.78,97.11,51.97,36.69,22.89,22.31,21.02,9.66,9.14,6.75,6.24,6.06,5.74,5.46,5.46,4.92,4.77,4.64,4.5,4.38,4.27,4.09,3.99,3.88,3.65,3.61,3.41,3.33,3.29,3.13,2.58,2.54,2.54,2.51,2.51,2.45,2.18,2.18,2.18,2.18,2.15,2.1,1.98,1.98,1.95,1.92,1.8,1.79,1.62,1.62,1.62,1.57,1.56,1.56,1.56,1.55,1.55,1.52,1.52,1.48,1.48,1.45,1.38,1.38,1.32,1.32,1.32,1.32,1.32,1.32,1.32,1.31,1.31,1.31,1.29,1.29,1.29,1.29,1.14,1.13,1.13,1.13,1.13,1.13,1.1,1.1,1.1,1.1,1.07,1.07,1.07,1.07,1.07,1.07,1.07,1.06,1.06,1.06,1.06,1.06
GA,F15,0.18,0.4,0.28,0.16,0.14,0.12,0.11,0.1,0.08,0.07,0.06,0.06,0.05,0.04,0.04,0.04,0.04,0.03,0.03,0.03,0.02,0.02,0.02,0.02,0.02,0.02,0.01,0.01,0.01,0.01,0.01,0.01,0.01,0.01,0.01,0.01,0.01,0.01,0.01,0.01,0.01,0.01,0.01,0.01,0.01,0.01,0.01,0.01,0.01,0.01,0.01,0.01,0.01,0.01,0.01,0.01,0.01,0.01,0.01,0.01,0.01,0.01,0.01,0.01,0.01,0.01,0.01,0.01,0.01,0.01,0.01,0.01,0.01,0.01,0.01,0.01,0.01,0.01,0.01,0.01,0.01,0.01,0.01,0.01,0.01,0.01,0.01,0.01,0.0,0.0,0.0,0.0,0.0,0.0,0.0,0.0,0.0,0.0,0.0,0.0,0.0
GA,F16,0.12,0.64,0.04,-0.18,-0.39,-0.44,-0.49,-0.53,-0.58,-0.59,-0.64,-0.66,-0.7,-0.74,-0.74,-0.77,-0.82,-0.84,-0.84,-0.85,-0.85,-0.86,-0.88,-0.88,-0.9,-0.9,-0.9,-0.91,-0.92,-0.92,-0.93,-0.93,-0.94,-0.94,-0.95,-0.95,-0.95,-0.95,-0.95,-0.95,-0.97,-0.97,-0.97,-0.97,-0.97,-0.98,-0.98,-0.98,-0.98,-0.98,-0.98,-0.98,-0.98,-0.98,-0.99,-0.99,-0.99,-0.99,-0.99,-0.99,-1.0,-1.0,-1.0,-1.0,-1.0,-1.0,-1.0,-1.0,-1.0,-1.0,-1.0,-1.0,-1.0,-1.0,-1.0,-1.0,-1.0,-1.0,-1.0,-1.0,-1.0,-1.0,-1.0,-1.01,-1.01,-1.01,-1.01,-1.01,-1.01,-1.01,-1.01,-1.01,-1.01,-1.01,-1.01,-1.01,-1.01,-1.01,-1.01,-1.01,-1.01
GA,F17,0.12,2.23,1.81,1.65,1.35,1.3,1.24,1.16,1.14,0.92,0.9,0.8,0.79,0.79,0.76,0.74,0.7,0.65,0.65,0.64,0.63,0.61,0.6,0.59,0.59,0.59,0.59,0.59,0.58,0.55,0.54,0.54,0.54,0.52,0.51,0.5,0.5,0.5,0.5,0.5,0.49,0.49,0.49,0.49,0.49,0.48,0.48,0.48,0.48,0.48,0.48,0.47,0.47,0.47,0.47,0.47,0.47,0.47,0.47,0.46,0.46,0.46,0.46,0.46,0.46,0.46,0.46,0.46,0.45,0.45,0.44,0.44,0.44,0.44,0.44,0.44,0.44,0.43,0.43,0.43,0.43,0.43,0.43,0.43,0.43,0.43,0.43,0.43,0.43,0.43,0.43,0.43,0.43,0.43,0.43,0.43,0.43,0.42,0.42,0.42,0.42
GA,F18,0.13,87.12,51.6,39.22,26.56,25.31,22.07,21.74,16.62,15.14,12.13,11.73,11.46,10.17,9.85,9.5,9.02,8.82,8.5,7.89,7.51,6.9,6.69,6.69,6.55,6.5,6.45,6.39,5.95,5.93,5.89,5.89,5.85,5.83,5.66,5.57,5.57,5.5,5.42,5.07,4.33,4.25,4.25,4.23,4.18,4.18,4.18,4.18,4.16,4.16,4.16,4.16,4.01,4.01,4.01,4.01,4.01,3.93,3.93,3.91,3.91,3.89,3.87,3.83,3.83,3.82,3.81,3.81,3.81,3.77,3.69,3.69,3.51,3.42,3.42,3.42,3.42,3.35,3.35,3.35,3.35,3.35,3.35,3.35,3.35,3.35,3.35,3.34,3.34,3.34,3.29,3.29,3.29,3.29,3.29,3.29,3.29,3.29,3.29,3.29,3.29
PSO,F1,0.54,71181.54,70909.6,70374.82,69491.83,68532.36,67604.64,66585.47,65396.42,64077.22,62779.63,61506.07,60243.01,59008.3,57784.98,56528.11,55302.0,54071.01,52874.66,51712.22,50502.83,49323.3,48086.03,46905.47,45750.78,44604.69,43423.51,42327.06,41197.33,40042.6,38976.23,37924.28,36882.33,35897.61,34836.96,33890.27,32868.22,31943.45,30987.4,30037.0,29110.43,28256.59,27365.31,26488.66,25630.27,24760.88,23915.67,23134.09,22321.11,21543.24,20779.23,20030.28,19309.38,18627.65,17913.36,17215.79,16559.17,15910.87,15272.9,14647.49,14022.32,13452.39,12840.47,12251.51,11667.56,11149.43,10627.23,10106.03,9630.96,9167.74,8715.25,8270.75,7851.11,7426.78,7037.99,6645.74,6269.87,5911.19,5573.23,5259.76,4933.37,4650.47,4378.14,4103.07,3846.63,3613.22,3383.9,3175.2,2976.36,2773.98,2600.77,2447.38,2300.9,2167.55,2040.62,1925.35,1809.23,1714.91,1625.52,1551.76,1490.47
PSO,F2,0.71,7653520759492.2,372146476521.7,2257194293.42,98785831.98,624086.11,4103.28,212.15,49.05,38.49,33.23,29.84,28.68,26.95,25.76,24.07,22.94,21.83,20.92,19.84,18.84,18.03,17.46,16.35,15.79,15.26,14.7,14.11,13.61,12.92,12.63,12.22,11.98,11.41,11.09,10.91,10.58,10.23,10.04,9.74,9.44,9.23,8.98,8.86,8.81,8.67,8.48,8.24,8.02,7.86,7.78,7.68,7.55,7.42,7.3,7.14,7.02,6.92,6.77,6.67,6.5,6.4,6.31,6.25,6.14,6.01,5.95,5.88,5.72,5.65,5.59,5.36,5.28,5.23,5.14,5.09,4.97,4.94,4.82,4.74,4.69,4.61,4.53,4.49,4.38,4.34,4.33,4.23,4.19,4.1,4.06,3.95,3.93,3.87,3.82,3.73,3.71,3.6,3.54,3.51,3.45
PSO,F3,1.04,120328.39,120247.78,119953.95,119274.76,118522.39,117653.2,116633.35,115706.35,114748.53,113704.35,112551.67,111500.09,110665.74,109819.44,108799.86,107829.95,106557.59,105190.72,103905.74,102513.42,101246.06,100060.67,99026.47,97784.52,96378.62,95048.22,93521.29,92343.94,91439.14,90420.56,89335.13,88423.35,87493.53,86775.43,85935.46,84891.64,83875.09,82919.68,81617.82,80118.84,78602.11,77178.09,75741.43,74059.32,72558.82,70836.1,69130.36,67327.51,65836.01,64591.97,63641.47,62529.51,61435.2,60402.71,59369.51,58024.13,56616.2,55458.59,54179.47,52937.15,51738.67,50540.96,49510.58,48459.33,47380.29,46515.01,45808.01,45178.06,44181.08,43204.3,42529.66,41869.59,41156.23,40446.2,39548.35,38725.31,37575.13,36418.0,35148.83,33909.62,32858.25,31957.09,31287.66,30380.37,29440.36,28441.33,27461.26,26462.02,25581.28,24971.87,24432.97,24014.03,23643.62,23253.69,22741.76,22181.56,21642.75,21202.54,20673.08,20239.37
PSO,F4,0.55,88.0,87.74,87.39,86.91,86.33,85.75,85.08,84.31,83.51,82.69,81.85,80.97,80.12,79.26,78.38,77.53,76.69,75.81,74.92,74.05,73.14,72.23,71.32,70.44,69.56,68.66,67.77,66.88,66.01,65.13,64.23,63.33,62.43,61.55,60.67,59.77,58.87,57.98,57.07,56.18,55.29,54.4,53.52,52.61,51.73,50.82,49.94,49.03,48.13,47.21,46.3,45.39,44.51,43.59,42.7,41.8,40.9,40.01,39.13,38.27,37.41,36.54,35.69,34.81,33.99,33.18,32.36,31.56,30.69,29.85,29.04,28.23,27.42,26.58,25.76,24.96,24.13,23.36,22.58,21.79,21.09,20.36,19.67,19.01,18.38,17.77,17.13,16.52,15.96,15.43,14.9,14.36,13.87,13.4,13.0,12.59,12.2,11.81,11.45,11.12
PSO,F5,0.59,259339562.49,243329469.36,217222298.09,190961262.7,165785973.67,143507838.78,122142419.11,103966791.55,87333831.08,72411178.19,59868874.87,48880535.25,39657808.0,31959128.31,25491506.2,19967103.82,15509720.82,11815542.01,8879588.37,6548551.41,4746031.92,3396969.67,2387810.18,1590036.32,1046554.54,687932.63,447222.21,301615.2,205510.1,142955.83,103547.05,81777.19,65217.76,51614.17,41774.08,33913.64,27825.27,22832.81,19413.06,16192.21,13696.09,12175.78,9756.28,8175.05,6723.14,5915.26,5052.74,4495.58,4053.78,3626.25,3280.64,3011.12,2673.94,2426.58,2188.34,1982.76,1858.68,1645.08,1539.15,1463.38,1337.11,1284.06,1221.97,1143.62,1060.33,981.99,922.37,876.24,807.07,773.93,740.29,688.64,656.95,625.29,608.66,586.34,540.92,500.86,483.43,461.75,451.47,442.43,426.66,417.97,401.09,386.67,371.24,362.79,350.78,341.05,336.7,324.64,320.37,315.66,310.12,301.61,291.85,285.54,280.84,276.54
PSO,F6,0.7,68610.85,68430.51,68178.48,67731.77,67034.22,66147.83,65121.98,64011.97,62886.05,61670.91,60447.49,59189.41,57968.41,56704.24,55446.23,54199.23,52973.77,51800.61,50591.37,49424.33,48203.94,47054.61,45937.12,44789.52,43618.34,42489.59,41358.67,40188.96,39093.79,37998.55,36965.88,35896.09,34892.07,33898.99,32950.1,31978.23,31056.28,30131.0,29182.49,28326.74,27410.68,26521.39,25703.35,24871.86,24076.69,23240.19,22442.56,21659.69,20905.79,20205.67,19452.12,18710.33,17990.58,17322.59,16668.86,16025.5,15390.35,14777.44,14146.62,13543.26,13009.44,12437.79,11888.8,11348.01,10815.89,10315.89,9830.12,9318.96,8875.67,8413.39,7969.49,7569.54,7161.47,6770.43,6402.15,6038.07,5696.38,5361.78,5049.06,4725.26,4452.5,4170.9,3916.89,3676.34,3448.99,3227.12,3023.86,2832.51,2658.32,2494.42,2331.94,2179.8,2039.77,1909.15,1793.18,1694.58,1598.02,1514.37,1451.7,1385.46
PSO,F7,0.79,117.76,37.22,36.59,33.77,31.9,29.42,27.03,24.52,22.97,21.4,20.73,19.62,17.45,16.79,16.14,15.31,15.09,14.86,13.92,13.17,12.36,12.02,11.86,11.44,11.12,10.64,10.15,9.96,9.42,8.93,8.87,8.59,8.47,8.31,8.09,7.85,7.67,7.62,7.39,7.15,6.81,6.66,6.11,5.98,5.64,5.53,5.42,5.32,5.24,5.15,5.11,4.9,4.79,4.54,4.44,4.33,4.22,4.09,3.97,3.69,3.58,3.51,3.44,3.39,3.22,3.19,3.16,3.04,3.0,2.9,2.9,2.85,2.73,2.69,2.5,2.43,2.38,2.32,2.25,2.22,2.16,2.08,2.08,2.01,1.92,1.9,1.88,1.81,1.81,1.78,1.77,1.74,1.72,1.68,1.65,1.62,1.62,1.52,1.51,1.5
PSO,F8,0.56,-2248.01,-2248.01,-2249.82,-2251.9,-2254.4,-2257.43,-2260.04,-2265.36,-2269.7,-2275.34,-2280.62,-2286.07,-2291.41,-2296.8,-2301.39,-2306.04,-2310.2,-2313.8,-2317.97,-2323.04,-2326.99,-2330.48,-2333.39,-2336.29,-2340.37,-2343.96,-2346.7,-2350.21,-2353.18,-2355.71,-2359.31,-2364.75,-2369.28,-2372.91,-2375.66,-2377.65,-2380.61,-2383.71,-2386.21,-2389.28,-2392.28,-2394.84,-2397.83,-2400.96,-2403.74,-2406.64,-2409.14,-2414.54,-2419.14,-2422.37,-2425.11,-2428.55,-2432.71,-2438.33,-2443.02,-2447.01,-2450.43,-2453.36,-2457.8,-2462.02,-2465.21,-2468.1,-2470.87,-2474.31,-2477.19,-2480.13,-2483.77,-2489.14,-2493.02,-2495.54,-2497.87,-2501.86,-2507.05,-2510.71,-2513.07,-2514.59,-2516.27,-2517.99,-2520.49,-2522.62,-2526.19,-2528.78,-2532.1,-2534.27,-2536.32,-2538.76,-2540.69,-2542.77,-2544.13,-2545.4,-2547.25,-2548.58,-2549.4,-2550.23,-2550.73,-2551.4,-2552.56,-2553.5,-2555.35,-2557.44
PSO,F9,0.55,447.69,387.31,332.16,297.07,280.64,271.09,267.37,264.06,259.78,256.92,251.5,250.14,249.2,244.61,242.39,240.83,238.43,237.21,236.15,234.89,234.7,231.08,230.23,229.33,228.58,226.03,224.14,222.21,221.09,214.95,213.34,210.12,209.48,209.48,209.48,207.86,207.14,206.87,204.28,203.41,203.41,203.18,202.29,201.74,200.74,197.97,197.21,194.92,193.86,192.52,191.03,188.49,187.11,184.43,183.26,181.48,180.86,179.89,177.46,176.84,176.06,173.86,173.44,171.23,169.69,168.54,166.31,164.31,163.67,162.58,161.48,160.83,159.21,157.52,155.76,154.1,153.15,152.44,150.06,150.01,147.98,147.42,145.35,144.91,143.94,142.86,141.17,139.28,138.26,137.43,135.29,133.09,132.36,130.39,130.15,128.41,127.05,124.99,122.99,120.95
PSO,F10,0.61,20.69,20.66,20.59,20.51,20.41,20.28,20.14,19.99,19.82,19.64,19.45,19.27,19.0,18.68,18.38,18.05,17.72,17.33,16.91,16.5,16.01,15.48,14.93,14.35,13.78,13.08,12.52,11.84,11.16,10.6,10.09,9.66,9.33,9.02,8.74,8.45,8.21,7.99,7.74,7.46,7.29,7.07,6.88,6.7,6.53,6.36,6.14,6.01,5.87,5.75,5.6,5.44,5.29,5.13,5.01,4.85,4.74,4.6,4.52,4.45,4.31,4.25,4.15,4.03,3.89,3.84,3.79,3.72,3.66,3.6,3.52,3.48,3.42,3.38,3.33,3.29,3.25,3.2,3.16,3.1,3.0,2.94,2.92,2.91,2.85,2.82,2.79,2.75,2.7,2.67,2.65,2.59,2.55,2.49,2.44,2.39,2.33,2.32,2.29,2.24
PSO,F11,0.9,619.99,619.8,619.51,619.17,618.88,618.58,618.17,617.59,617.01,616.32,615.53,614.5,613.62,612.74,611.78,610.81,609.72,608.56,607.46,606.21,604.92,603.73,602.49,601.16,599.75,598.45,597.14,595.82,594.35,592.88,591.48,590.12,588.73,587.25,585.83,584.45,582.93,581.23,579.66,578.12,576.4,574.85,573.09,571.38,569.74,568.02,566.34,564.58,562.77,561.08,559.49,557.87,556.05,554.33,552.6,550.96,549.29,547.58,545.81,543.99,542.26,540.49,538.75,536.93,535.19,533.55,531.77,529.9,528.19,526.43,524.66,522.85,520.96,519.27,517.62,515.84,514.19,512.41,510.61,508.84,507.24,505.45,503.73,502.05,500.29,498.62,496.9,495.21,493.53,491.88,490.07,488.4,486.83,485.09,483.37,481.78,479.99,478.32,476.77,475.0
PSO,F12,0.71,549545069.65,539520890.49,508132473.14,466083141.15,418027122.38,371140698.04,330621012.53,293880289.01,258959775.79,228802063.59,200941160.37,174406146.64,150888486.46,128221445.91,109117248.16,91529810.47,76314255.64,63385309.07,51911200.96,42358482.03,34353939.25,27262507.74,21514595.36,16612958.08,12671042.81,9469850.49,7030775.76,5016314.62,3531141.38,2471689.49,1626708.12,1039298.29,639094.91,366013.06,193884.31,92397.33,37599.55,12957.27,3474.15,563.5,102.76,39.34,29.75,24.31,21.45,19.16,17.59,15.31,13.66,12.16,11.45,10.65,9.75,9.41,8.88,8.38,8.0,7.66,7.18,6.82,6.54,6.27,5.98,5.83,5.67,5.42,5.32,5.2,5.1,4.91,4.86,4.74,4.68,4.58,4.49,4.44,4.36,4.3,4.24,4.18,4.1,4.05,4.02,3.94,3.9,3.85,3.83,3.78,3.74,3.72,3.67,3.65,3.61,3.58,3.55,3.54,3.51,3.5,3.48,3.45
PSO,F13,0.74,1120543950.93,1087843596.53,1023785920.52,940153001.68,857172727.04,778303926.26,706059292.11,635871683.83,570232816.83,511950617.64,454948253.83,402851547.34,354235875.77,313304080.23,274411368.51,240540905.84,209923268.97,181405583.91,156986538.25,134680919.98,115023013.59,96542968.14,81045628.87,67207142.49,56142974.96,46107001.71,37192989.25,29639205.08,23565359.0,18336226.19,14116288.47,10731074.49,7995269.27,5800896.06,4196182.49,2967457.78,2035350.49,1350993.45,870909.97,540163.25,318772.68,173445.68,91408.18,46411.91,20975.13,9991.2,4368.75,1994.1,956.59,452.8,174.98,78.89,52.65,39.09,35.85,32.87,31.44,29.48,28.53,27.55,26.56,24.98,23.96,22.86,22.08,21.41,20.49,19.77,19.01,17.74,17.17,16.58,15.97,15.13,14.5,13.73,13.32,12.67,12.25,11.97,11.56,11.12,10.72,10.21,9.95,9.67,9.29,8.93,8.61,8.37,8.14,7.83,7.53,7.31,7.12,6.92,6.67,6.37,6.15,5.99
PSO,F14,1.97,198.71,170.85,122.77,72.58,59.34,50.26,36.18,17.76,7.89,6.67,6.15,5.9,5.86,4.77,4.47,4.34,4.05,4.03,3.65,3.12,2.53,2.42,2.37,2.37,2.15,1.97,1.93,1.77,1.74,1.67,1.63,1.57,1.41,1.4,1.4,1.4,1.39,1.33,1.33,1.33,1.33,1.33,1.33,1.33,1.33,1.33,1.33,1.33,1.33,1.33,1.33,1.33,1.33,1.33,1.33,1.33,1.33,1.33,1.33,1.33,1.33,1.33,1.33,1.33,1.33,1.33,1.33,1.33,1.33,1.33,1.32,1.29,1.29,1.29,1.29,1.29,1.29,1.29,1.29,1.29,1.29,1.29,1.29,1.29,1.29,1.29,1.29,1.29,1.29,1.29,1.29,1.29,1.29,1.29,1.29,1.29,1.29,1.29,1.29,1.29
PSO,F15,0.14,0.26,0.12,0.05,0.03,0.02,0.02,0.02,0.01,0.01,0.01,0.01,0.01,0.01,0.01,0.01,0.01,0.0,0.0,0.0,0.0,0.0,0.0,0.0,0.0,0.0,0.0,0.0,0.0,0.0,0.0,0.0,0.0,0.0,0.0,0.0,0.0,0.0,0.0,0.0,0.0,0.0,0.0,0.0,0.0,0.0,0.0,0.0,0.0,0.0,0.0,0.0,0.0,0.0,0.0,0.0,0.0,0.0,0.0,0.0,0.0,0.0,0.0,0.0,0.0,0.0,0.0,0.0,0.0,0.0,0.0,0.0,0.0,0.0,0.0,0.0,0.0,0.0,0.0,0.0,0.0,0.0,0.0,0.0,0.0,0.0,0.0,0.0,0.0,0.0,0.0,0.0,0.0,0.0,0.0,0.0,0.0,0.0,0.0,0.0,0.0
PSO,F16,0.05,2.1,0.1,-0.74,-0.88,-0.97,-0.98,-1.0,-1.01,-1.01,-1.02,-1.02,-1.02,-1.02,-1.03,-1.03,-1.03,-1.03,-1.03,-1.03,-1.03,-1.03,-1.03,-1.03,-1.03,-1.03,-1.03,-1.03,-1.03,-1.03,-1.03,-1.03,-1.03,-1.03,-1.03,-1.03,-1.03,-1.03,-1.03,-1.03,-1.03,-1.03,-1.03,-1.03,-1.03,-1.03,-1.03,-1.03,-1.03,-1.03,-1.03,-1.03,-1.03,-1.03,-1.03,-1.03,-1.03,-1.03,-1.03,-1.03,-1.03,-1.03,-1.03,-1.03,-1.03,-1.03,-1.03,-1.03,-1.03,-1.03,-1.03,-1.03,-1.03,-1.03,-1.03,-1.03,-1.03,-1.03,-1.03,-1.03,-1.03,-1.03,-1.03,-1.03,-1.03,-1.03,-1.03,-1.03,-1.03,-1.03,-1.03,-1.03,-1.03,-1.03,-1.03,-1.03,-1.03,-1.03,-1.03,-1.03,-1.03
PSO,F17,0.05,3.85,2.42,1.14,0.77,0.69,0.55,0.5,0.47,0.44,0.42,0.42,0.41,0.41,0.41,0.41,0.41,0.4,0.4,0.4,0.4,0.4,0.4,0.4,0.4,0.4,0.4,0.4,0.4,0.4,0.4,0.4,0.4,0.4,0.4,0.4,0.4,0.4,0.4,0.4,0.4,0.4,0.4,0.4,0.4,0.4,0.4,0.4,0.4,0.4,0.4,0.4,0.4,0.4,0.4,0.4,0.4,0.4,0.4,0.4,0.4,0.4,0.4,0.4,0.4,0.4,0.4,0.4,0.4,0.4,0.4,0.4,0.4,0.4,0.4,0.4,0.4,0.4,0.4,0.4,0.4,0.4,0.4,0.4,0.4,0.4,0.4,0.4,0.4,0.4,0.4,0.4,0.4,0.4,0.4,0.4,0.4,0.4,0.4,0.4,0.4
PSO,F18,0.07,79.86,23.94,9.28,8.15,4.97,4.8,4.16,3.77,3.66,3.48,3.37,3.3,3.24,3.19,3.13,3.1,3.09,3.08,3.07,3.07,3.06,3.05,3.05,3.04,3.04,3.03,3.03,3.03,3.03,3.03,3.02,3.02,3.02,3.02,3.02,3.01,3.01,3.01,3.01,3.01,3.01,3.01,3.0,3.0,3.0,3.0,3.0,3.0,3.0,3.0,3.0,3.0,3.0,3.0,3.0,3.0,3.0,3.0,3.0,3.0,3.0,3.0,3.0,3.0,3.0,3.0,3.0,3.0,3.0,3.0,3.0,3.0,3.0,3.0,3.0,3.0,3.0,3.0,3.0,3.0,3.0,3.0,3.0,3.0,3.0,3.0,3.0,3.0,3.0,3.0,3.0,3.0,3.0,3.0,3.0,3.0,3.0,3.0,3.0,3.0
