Optimizer,objfname,ExecutionTime,Iter1,Iter2,Iter3,Iter4,Iter5,Iter6,Iter7,Iter8,Iter9,Iter10,Iter11,Iter12,Iter13,Iter14,Iter15,Iter16,Iter17,Iter18,Iter19,Iter20,Iter21,Iter22,Iter23,Iter24,Iter25,Iter26,Iter27,Iter28,Iter29,Iter30,Iter31,Iter32,Iter33,Iter34,Iter35,Iter36,Iter37,Iter38,Iter39,Iter40,Iter41,Iter42,Iter43,Iter44,Iter45,Iter46,Iter47,Iter48,Iter49,Iter50
DE,F1,0.1107017993927002,69902.0144062915,69902.0144062915,69902.0144062915,69902.0144062915,69902.0144062915,69902.0144062915,69902.0144062915,61176.075604704485,61176.075604704485,52920.305152268214,36895.47828654469,36895.47828654469,36895.47828654469,36895.47828654469,36895.47828654469,36895.47828654469,36895.47828654469,36895.47828654469,36895.47828654469,36895.47828654469,36895.47828654469,31160.930589713505,31160.930589713505,31160.930589713505,29021.655322142586,29021.655322142586,28958.923669514406,20055.90984220371,20055.90984220371,20055.90984220371,20055.90984220371,20055.90984220371,19408.377540651025,19408.377540651025,19408.377540651025,16188.538158864496,16188.538158864496,16188.538158864496,16188.538158864496,16188.538158864496,16188.538158864496,16188.538158864496,12362.424874825769,12362.424874825769,12362.424874825769,12362.424874825769,12362.424874825769,10175.197993190735,10175.197993190735,10175.197993190735
DE,F1,0.09278702735900879,75735.55591853092,65558.85580246626,65558.85580246626,65558.85580246626,59337.418409293066,59337.418409293066,50218.263828402065,50218.263828402065,42049.89822933979,42049.89822933979,40130.80703939297,40130.80703939297,40130.80703939297,40130.80703939297,40130.80703939297,35407.028418363225,34559.25908746019,34559.25908746019,30902.672245089623,27610.455942827008,27610.455942827008,27610.455942827008,24724.691741967526,18117.505284994688,18117.505284994688,18117.505284994688,18117.505284994688,18117.505284994688,18117.505284994688,12378.921614200377,12378.921614200377,12378.921614200377,12378.921614200377,12378.921614200377,12378.921614200377,12378.921614200377,12378.921614200377,12378.921614200377,12378.921614200377,11832.213525908204,10575.993359710394,10223.898582257823,10223.898582257823,7666.968653592767,7666.968653592767,7666.968653592767,7666.968653592767,7666.968653592767,7666.968653592767,7666.968653592767
DE,F1,0.10372662544250488,76659.69475516901,73787.38525902954,63982.301580264786,63982.301580264786,63982.301580264786,63982.301580264786,63982.301580264786,63982.301580264786,63757.0157464519,60814.05037503536,60397.60305078472,49626.84778676475,49626.84778676475,49626.84778676475,40452.44977931627,38204.23870138395,38204.23870138395,36622.591313486344,36622.591313486344,36622.591313486344,34003.410073944564,34003.410073944564,33838.88959301195,33838.88959301195,33838.88959301195,33838.88959301195,30484.073691068552,28149.126815135533,28149.126815135533,18162.66680531815,18162.66680531815,18162.66680531815,18162.66680531815,18162.66680531815,18162.66680531815,18162.66680531815,18162.66680531815,14501.512202519158,14501.512202519158,14501.512202519158,14501.512202519158,14501.512202519158,14501.512202519158,10978.134999083133,10978.134999083133,8601.597838144595,8601.597838144595,8601.597838144595,8601.597838144595,8601.597838144595
DE,F1,0.09372496604919434,47846.4479427204,47846.4479427204,47846.4479427204,47846.4479427204,47846.4479427204,47846.4479427204,47846.4479427204,47846.4479427204,47846.4479427204,47846.4479427204,47846.4479427204,47846.4479427204,47846.4479427204,47846.4479427204,47846.4479427204,41044.77043592188,41044.77043592188,37352.46362619802,33014.91816330982,33014.91816330982,33014.91816330982,33014.91816330982,33014.91816330982,21406.865187458294,21406.865187458294,21406.865187458294,21406.865187458294,21406.865187458294,21406.865187458294,21406.865187458294,21406.865187458294,21406.865187458294,21406.865187458294,20199.906504968436,20199.906504968436,20199.906504968436,13936.917478595127,13936.917478595127,13936.917478595127,13936.917478595127,13936.917478595127,13936.917478595127,13936.917478595127,13936.917478595127,13295.883209177677,10482.314986521522,10482.314986521522,10482.314986521522,9756.269468834897,8228.661909810302
DE,F1,0.11726045608520508,61276.52384501697,61276.52384501697,57360.46298638862,57360.46298638862,57360.46298638862,44088.04730654671,44088.04730654671,44088.04730654671,44088.04730654671,44088.04730654671,44088.04730654671,44088.04730654671,44088.04730654671,44088.04730654671,41355.50739001397,41355.50739001397,41355.50739001397,40153.18799149018,35481.90942489626,33784.515836137645,33784.515836137645,30877.00549001048,26273.64548927384,16025.496239176062,16025.496239176062,15264.291392510004,15264.291392510004,15264.291392510004,15264.291392510004,15264.291392510004,15264.291392510004,15264.291392510004,15264.291392510004,15264.291392510004,11124.153519030073,11124.153519030073,11124.153519030073,11124.153519030073,11124.153519030073,11124.153519030073,11124.153519030073,11124.153519030073,11124.153519030073,11124.153519030073,11124.153519030073,11124.153519030073,11124.153519030073,11007.435059912998,11007.435059912998,10616.918313353935
DE,F1,0.09973263740539551,72678.28517975756,72678.28517975756,72678.28517975756,72678.28517975756,66383.1033992329,62668.93959252817,55826.085883134314,44014.50037399278,44014.50037399278,42351.108161358716,37018.97140030562,37018.97140030562,37018.97140030562,37018.97140030562,37018.97140030562,37018.97140030562,29439.453778513016,29439.453778513016,29439.453778513016,28181.907638425113,26012.508856119926,26012.508856119926,26012.508856119926,22816.274672697124,22816.274672697124,22816.274672697124,22816.274672697124,22816.274672697124,20069.78434638723,20069.78434638723,20069.78434638723,16730.863528322385,13381.458835685478,13381.458835685478,13381.458835685478,13381.458835685478,13381.458835685478,13381.458835685478,12708.14943424822,12708.14943424822,12708.14943424822,12708.14943424822,12708.14943424822,12706.834163915402,10326.20556544593,9310.604321558736,9310.604321558736,8956.320985687089,8793.056105156127,7862.774116329765
DE,F1,0.09776782989501953,60841.62636970636,60841.62636970636,60841.62636970636,60841.62636970636,60841.62636970636,52427.70040003467,52427.70040003467,37548.32866339175,37548.32866339175,37548.32866339175,37548.32866339175,37548.32866339175,37548.32866339175,36785.88872500182,36785.88872500182,36785.88872500182,32760.48780062207,32760.48780062207,32760.48780062207,32760.48780062207,21869.323616399655,21869.323616399655,21869.323616399655,21869.323616399655,21869.323616399655,21869.323616399655,21869.323616399655,21869.323616399655,21869.323616399655,16048.318744252641,16048.318744252641,16048.318744252641,14677.293089361927,14677.293089361927,14677.293089361927,11899.541529801523,11899.541529801523,11899.541529801523,11273.179688807908,11273.179688807908,11273.179688807908,11273.179688807908,11273.179688807908,11273.179688807908,9924.292838410902,9924.292838410902,9924.292838410902,9924.292838410902,9924.292838410902,9241.502344704335
DE,F1,0.09677314758300781,68158.79616892259,68158.79616892259,68158.79616892259,68158.79616892259,68158.79616892259,49288.17660225468,49288.17660225468,49288.17660225468,49288.17660225468,49288.17660225468,46256.152449985915,46256.152449985915,46256.152449985915,43876.84134495063,40371.409765728415,40371.409765728415,37147.20727201351,37147.20727201351,37147.20727201351,33376.03447453052,32926.05553756848,32926.05553756848,32465.782511697907,31677.363741592653,29391.53693160866,27337.23246508333,27337.23246508333,20600.055504549935,20600.055504549935,20600.055504549935,20600.055504549935,18537.659629181002,17653.51900722424,15618.488223496915,15618.488223496915,13627.88803093439,13627.88803093439,13627.88803093439,13627.88803093439,13627.88803093439,13627.88803093439,13627.88803093439,13627.88803093439,10260.209442838448,10260.209442838448,10260.209442838448,9338.972079763556,9267.877278903214,9267.877278903214,9267.877278903214
DE,F1,0.11070442199707031,71704.79784974759,71704.79784974759,71704.79784974759,62473.84649200387,62473.84649200387,62473.84649200387,62473.84649200387,62473.84649200387,62473.84649200387,56492.52976103008,56492.52976103008,38701.03778131685,38701.03778131685,38701.03778131685,38701.03778131685,38701.03778131685,38701.03778131685,38701.03778131685,38701.03778131685,38701.03778131685,38701.03778131685,38701.03778131685,38701.03778131685,38701.03778131685,31520.408987567564,31339.73577009657,30245.001684207837,30245.001684207837,28890.32835817068,25315.727696089845,22607.273215487225,21361.14051184192,21361.14051184192,17372.878925721343,17372.878925721343,17372.878925721343,17372.878925721343,17372.878925721343,17372.878925721343,13566.001126345247,13566.001126345247,13566.001126345247,13566.001126345247,13566.001126345247,13566.001126345247,9707.437998188525,9707.437998188525,9707.437998188525,9707.437998188525,9707.437998188525
DE,F1,0.0967400074005127,55382.1835471083,55382.1835471083,55382.1835471083,55382.1835471083,55382.1835471083,51716.11658010428,51716.11658010428,51716.11658010428,51716.11658010428,48315.02923144682,48315.02923144682,48315.02923144682,41292.04025981931,40680.86546601912,40680.86546601912,40680.86546601912,40680.86546601912,40680.86546601912,40680.86546601912,40680.86546601912,40680.86546601912,40680.86546601912,33184.15845566356,33184.15845566356,33184.15845566356,33184.15845566356,33184.15845566356,33184.15845566356,23719.86388937739,23719.86388937739,23719.86388937739,23719.86388937739,23719.86388937739,22033.046315220887,22033.046315220887,22033.046315220887,20323.2706096098,20323.2706096098,20323.2706096098,20323.2706096098,15999.785455441566,15999.785455441566,15999.785455441566,15999.785455441566,15999.785455441566,15999.785455441566,14937.423582441446,14937.423582441446,14937.423582441446,13114.003451268547
DE,F4,0.0937504768371582,86.13150178364498,86.13150178364498,86.13150178364498,86.13150178364498,86.13150178364498,86.13150178364498,86.13150178364498,86.13150178364498,86.13150178364498,86.13150178364498,86.13150178364498,79.8363242007293,79.8363242007293,79.8363242007293,79.8363242007293,79.8363242007293,79.8363242007293,79.8363242007293,79.8363242007293,79.8363242007293,79.8363242007293,79.8363242007293,79.8363242007293,79.8363242007293,79.8363242007293,79.8363242007293,79.8363242007293,79.8363242007293,79.8363242007293,79.8363242007293,79.8363242007293,79.8363242007293,79.8363242007293,79.8363242007293,79.8363242007293,79.8363242007293,79.8363242007293,79.8363242007293,79.8363242007293,79.8363242007293,79.8363242007293,79.8363242007293,79.8363242007293,79.8363242007293,79.8363242007293,79.8363242007293,79.8363242007293,79.8363242007293,79.8363242007293,79.8363242007293
DE,F4,0.09472012519836426,90.19333908386476,90.19333908386476,90.19333908386476,90.19333908386476,90.19333908386476,90.19333908386476,90.19333908386476,90.19333908386476,90.19333908386476,90.19333908386476,90.19333908386476,85.24397235690834,85.24397235690834,85.24397235690834,85.24397235690834,85.24397235690834,85.24397235690834,85.24397235690834,85.24397235690834,85.24397235690834,85.24397235690834,85.24397235690834,85.24397235690834,85.24397235690834,85.24397235690834,85.24397235690834,85.24397235690834,85.24397235690834,85.24397235690834,85.24397235690834,85.24397235690834,83.51635929272507,83.51635929272507,83.51635929272507,83.51635929272507,83.51635929272507,83.51635929272507,83.51635929272507,83.51635929272507,83.51635929272507,83.51635929272507,83.51635929272507,83.51635929272507,83.51635929272507,83.51635929272507,83.51635929272507,81.23902053058995,81.23902053058995,81.23902053058995,81.23902053058995
DE,F4,0.08776521682739258,89.54792499311256,89.54792499311256,89.54792499311256,89.54792499311256,89.54792499311256,89.54792499311256,89.54792499311256,89.54792499311256,89.54792499311256,89.54792499311256,89.54792499311256,89.54792499311256,89.54792499311256,89.54792499311256,89.54792499311256,89.54792499311256,89.54792499311256,89.54792499311256,89.54792499311256,89.54792499311256,89.54792499311256,89.54792499311256,89.54792499311256,89.54792499311256,89.54792499311256,89.54792499311256,89.54792499311256,89.54792499311256,89.54792499311256,89.54792499311256,89.54792499311256,89.54792499311256,89.54792499311256,89.54792499311256,89.54792499311256,89.54792499311256,89.54792499311256,89.54792499311256,89.54792499311256,89.54792499311256,89.54792499311256,89.54792499311256,89.54792499311256,89.54792499311256,89.54792499311256,89.54792499311256,89.54792499311256,89.54792499311256,89.54792499311256,89.54792499311256
DE,F4,0.0967721939086914,87.83303379937195,87.83303379937195,87.83303379937195,87.83303379937195,87.83303379937195,87.83303379937195,87.83303379937195,87.83303379937195,87.83303379937195,87.83303379937195,87.83303379937195,87.83303379937195,87.83303379937195,87.83303379937195,87.83303379937195,87.83303379937195,87.83303379937195,87.83303379937195,87.83303379937195,87.83303379937195,87.83303379937195,87.83303379937195,87.83303379937195,87.83303379937195,87.83303379937195,87.83303379937195,87.83303379937195,87.83303379937195,87.83303379937195,87.83303379937195,87.83303379937195,87.83303379937195,87.83303379937195,87.83303379937195,87.83303379937195,87.83303379937195,87.83303379937195,87.83303379937195,87.83303379937195,87.83303379937195,87.83303379937195,87.83303379937195,87.83303379937195,75.86101970343736,75.86101970343736,75.86101970343736,75.86101970343736,75.86101970343736,75.86101970343736,75.86101970343736
DE,F4,0.0917201042175293,89.97863462224119,89.97863462224119,89.97863462224119,89.97863462224119,89.97863462224119,89.97863462224119,89.97863462224119,89.97863462224119,89.97863462224119,89.97863462224119,89.97863462224119,89.97863462224119,89.97863462224119,89.97863462224119,89.97863462224119,89.97863462224119,89.97863462224119,89.97863462224119,89.97863462224119,89.52512555367537,89.52512555367537,89.52512555367537,89.52512555367537,89.52512555367537,89.52512555367537,89.52512555367537,89.52512555367537,89.52512555367537,89.52512555367537,89.52512555367537,89.52512555367537,89.52512555367537,89.52512555367537,89.52512555367537,89.52512555367537,89.52512555367537,89.52512555367537,89.52512555367537,89.52512555367537,89.52512555367537,89.52512555367537,89.52512555367537,89.52512555367537,89.52512555367537,89.52512555367537,89.52512555367537,89.52512555367537,89.52512555367537,89.52512555367537,89.52512555367537
DE,F4,0.08975934982299805,90.06873203417587,90.06873203417587,90.06873203417587,90.06873203417587,90.06873203417587,90.06873203417587,90.06873203417587,90.06873203417587,90.06873203417587,90.06873203417587,90.06873203417587,90.06873203417587,90.06873203417587,90.06873203417587,90.06873203417587,90.06873203417587,90.06873203417587,90.06873203417587,90.06873203417587,90.06873203417587,90.06873203417587,90.06873203417587,90.06873203417587,90.06873203417587,90.06873203417587,90.06873203417587,90.06873203417587,90.06873203417587,90.06873203417587,90.06873203417587,90.06873203417587,90.06873203417587,90.06873203417587,90.06873203417587,90.06873203417587,90.06873203417587,90.06873203417587,90.06873203417587,90.06873203417587,90.06873203417587,90.06873203417587,90.06873203417587,88.50724580408033,88.50724580408033,88.50724580408033,88.50724580408033,88.50724580408033,88.50724580408033,88.50724580408033,88.50724580408033
DE,F4,0.09432101249694824,78.74966725110248,78.74966725110248,78.74966725110248,78.74966725110248,78.74966725110248,78.74966725110248,78.74966725110248,78.74966725110248,78.74966725110248,78.74966725110248,78.74966725110248,78.74966725110248,78.74966725110248,78.74966725110248,78.74966725110248,78.74966725110248,78.74966725110248,78.74966725110248,78.74966725110248,78.74966725110248,78.74966725110248,78.74966725110248,78.74966725110248,78.74966725110248,78.74966725110248,78.74966725110248,78.74966725110248,78.74966725110248,78.74966725110248,78.74966725110248,78.74966725110248,78.74966725110248,78.74966725110248,78.74966725110248,78.74966725110248,78.74966725110248,78.18529203823014,78.18529203823014,78.18529203823014,78.18529203823014,78.18529203823014,78.18529203823014,78.18529203823014,78.18529203823014,78.18529203823014,78.18529203823014,78.18529203823014,78.18529203823014,78.18529203823014,78.18529203823014
DE,F4,0.08477258682250977,89.38353020783029,89.38353020783029,89.38353020783029,89.38353020783029,89.38353020783029,89.38353020783029,89.38353020783029,89.38353020783029,89.38353020783029,89.38353020783029,89.38353020783029,89.38353020783029,89.38353020783029,89.38353020783029,89.38353020783029,89.38353020783029,89.38353020783029,89.38353020783029,89.38353020783029,89.38353020783029,89.38353020783029,89.38353020783029,89.38353020783029,89.38353020783029,89.38353020783029,89.38353020783029,89.38353020783029,89.38353020783029,89.38353020783029,89.38353020783029,89.38353020783029,89.38353020783029,89.38353020783029,89.38353020783029,89.38353020783029,89.38353020783029,89.38353020783029,89.38353020783029,89.38353020783029,89.38353020783029,89.38353020783029,89.38353020783029,89.38353020783029,89.38353020783029,89.38353020783029,89.38353020783029,89.38353020783029,89.38353020783029,89.38353020783029,89.38353020783029
DE,F4,0.08756184577941895,90.81607400318018,90.81607400318018,90.81607400318018,90.81607400318018,90.81607400318018,90.81607400318018,90.81607400318018,90.81607400318018,90.81607400318018,90.81607400318018,90.81607400318018,90.81607400318018,90.81607400318018,90.81607400318018,81.84288847687634,81.84288847687634,81.84288847687634,81.84288847687634,81.84288847687634,81.84288847687634,81.84288847687634,81.84288847687634,81.84288847687634,81.84288847687634,81.84288847687634,81.84288847687634,81.84288847687634,81.84288847687634,81.84288847687634,81.84288847687634,81.84288847687634,81.84288847687634,81.84288847687634,81.84288847687634,81.84288847687634,81.84288847687634,81.84288847687634,81.84288847687634,81.84288847687634,81.84288847687634,81.84288847687634,81.84288847687634,81.84288847687634,81.84288847687634,81.84288847687634,81.84288847687634,81.84288847687634,81.84288847687634,81.84288847687634,81.84288847687634
DE,F4,0.08774304389953613,89.9934475625399,89.9934475625399,89.9934475625399,89.9934475625399,89.9934475625399,89.9934475625399,89.9934475625399,89.9934475625399,89.9934475625399,89.9934475625399,81.08751417806798,81.08751417806798,81.08751417806798,81.08751417806798,81.08751417806798,81.08751417806798,81.08751417806798,81.08751417806798,81.08751417806798,81.08751417806798,81.08751417806798,81.08751417806798,81.08751417806798,81.08751417806798,81.08751417806798,81.08751417806798,81.08751417806798,81.08751417806798,81.08751417806798,81.08751417806798,81.08751417806798,81.08751417806798,81.08751417806798,81.08751417806798,81.08751417806798,81.08751417806798,81.08751417806798,81.08751417806798,81.08751417806798,81.08751417806798,81.08751417806798,81.08751417806798,81.08751417806798,81.08751417806798,81.08751417806798,81.08751417806798,81.08751417806798,81.08751417806798,81.08751417806798,81.08751417806798
WOA,F1,0.14860248565673828,77188.60112812929,70323.25990104525,40322.855570883214,33497.493076280894,17614.546765341198,16690.47798649477,12261.318364614322,10780.676667203626,8009.279789207123,4110.308233562074,2222.7636773875847,1638.7766628044715,1384.078847927413,965.5962313302144,762.1862869754519,447.90633697835017,234.62433708382562,201.35199645117882,89.82886056599915,78.7812405706314,70.13816708200925,52.04090276400889,25.298107555214482,21.472641348830418,11.366248985682128,3.76610086505121,1.8363863808962826,1.457064692937439,0.8366655944902988,0.4953472299920248,0.39551067713559324,0.2597629925575617,0.20717768817362467,0.17627456897625896,0.11776319066968566,0.04191216350283937,0.03439655505189345,0.0289628021156021,0.014270782502438973,0.008429185447612026,0.006786919437483261,0.004737897324801672,0.004188561869226383,0.0035164236656847615,0.0028034217407358303,0.001807778935562159,0.001587671591925381,0.0013823900379325326,0.0012334061768634697,0.0011942851749073811
WOA,F1,0.16489887237548828,81162.31660305262,81162.31660305262,62814.67822836191,58470.543788656076,29267.63706386865,19793.063934275615,14906.39523118718,5925.4632669239945,3004.0606921575554,2403.9155217757925,1741.7781543356327,1556.8773924755665,895.900098559335,836.8565888246651,605.6804588069933,433.0628311325172,228.6721391615065,83.07069156904696,73.0045436620012,66.08123738416239,48.464521687853704,32.665008448221705,14.621463696448775,10.58942505455478,4.928536317937104,2.9243552093728886,2.567128170409713,1.3185177093157987,1.0863882904873443,0.6611758203889715,0.4560370733486223,0.2908275145878347,0.1842927389341371,0.10853963138668926,0.05422063898021534,0.018015547998946883,0.013966080909844423,0.0016619816929737648,0.00010326079991173007,3.239257339464914e-05,2.8791609534702645e-05,1.6659262184976547e-05,1.5107725594893144e-05,1.2015397738074526e-05,1.0436383120042764e-05,9.339443306136156e-06,8.70693251015098e-06,8.218653650329147e-06,7.76742327030477e-06,7.119913027520649e-06
WOA,F1,0.15282392501831055,72266.93032760436,70047.91005852292,56495.52978833742,41497.71580978502,27287.887465595653,26193.108323452157,23564.31137431298,16213.089335801942,14221.362900871642,13584.683603872296,9571.266074835568,3907.1491978709955,2975.025052204905,2890.7550023350277,2636.3644382059583,2151.5666463076973,1906.8908064415493,1367.992930228332,661.4251808368682,509.4203685155106,429.99873015646403,339.07768020270055,264.1869986529943,156.83321441372595,78.69870548635325,12.840650894177472,2.322575167275402,0.8190825532109927,0.49642999787316555,0.3474928771706626,0.23812053155240093,0.11602358552170686,0.08063920339001437,0.028978212219364523,0.02060254702294784,0.01887648351065686,0.013071360764667847,0.01114706488134677,0.008949902960254373,0.005010986716758071,0.003907079416055926,0.003093904629698826,0.0018214339016162343,0.0006868838238675373,0.0004549163907005746,0.00037970655938186743,0.00031095986874673414,0.00027557287328491896,0.00023428477896864907,0.0002227083864489554
WOA,F1,0.1538105010986328,81014.53118642811,73342.237012389,58212.82205895806,52406.08358132229,45593.799716279165,38789.360217048285,31920.93137723405,26784.624430570526,18727.657363633447,7587.541686822862,3480.588820929668,3480.588820929668,2806.969914402485,2318.261383157697,1895.2624712637466,1633.2160350635183,897.6184924847247,614.8715215074174,148.70730029106974,66.44805857664119,51.34043111983709,19.41730298560864,15.68005640982719,1.621168323104604,1.522322170720317,0.8050560357831421,0.5093525843578547,0.4116986064268175,0.21621578771485978,0.11086352018338108,0.07536453837013617,0.056276195571208366,0.030027951483354794,0.021000023935719835,0.0020381928518587757,0.0009154936280663192,0.0003427290778060755,0.00027367824041904976,0.00018492513302130148,8.369273151605594e-05,6.648506097625798e-05,4.981915981106762e-05,4.4201653467357414e-05,3.408923359654109e-05,2.7111109615241612e-05,1.9688635226248394e-05,1.655187592715298e-05,9.044957336786435e-06,7.278747059384419e-06,5.824749337996649e-06
WOA,F1,0.1486046314239502,61830.779958728745,59886.0180781042,39133.26120365006,30248.217266809006,26892.721129911144,20040.09329679226,16615.13302621176,6149.797613583574,4044.474077609622,3605.5229417763107,3449.765618168617,2431.6166453708934,1051.828896209487,727.8755840498571,437.6547219082777,325.004357667436,248.89251828039713,209.43286029351407,118.4999597551414,113.3584563417949,83.91650405156447,60.9200558796876,34.05646182554501,24.174088726487142,13.917003340739027,12.186210974903256,8.466828229690904,4.948537376300739,1.493281611774493,1.1498986271822182,0.8426545663415895,0.3929571934101119,0.304267891237948,0.18618505314826278,0.11017517270802231,0.0718167801754028,0.028572824763379898,0.019037839193281343,0.00931256705751691,0.006468282121629812,0.004621146898481357,0.0041601102899123535,0.002615297282564751,0.0017804976679302443,0.0013236743266266877,0.0012076569382604397,0.00105226402535301,0.0009302278174225476,0.0008767395693188902,0.0008112356420609596
WOA,F1,0.14859676361083984,71847.52488150392,59859.28553186505,47612.06877470345,42135.29027716584,37382.23152454387,30105.6054915459,18995.408256721905,10347.2154019999,8157.475438111295,7470.561025838262,7407.58604475776,4142.685920199059,3331.953699076841,3183.9764700676797,1505.6903754223533,790.7805491800005,283.055750515251,56.46478661507463,49.816277516770114,29.997787522286856,17.167901969465536,12.758538878760499,8.278228401924896,5.312372205404233,4.222773623380459,2.778871764612587,1.9167215991525606,0.8670139824686018,0.7009993347475155,0.2767733048260268,0.21832101402623316,0.08973534816465395,0.022168561845433886,0.016009167153971146,0.013424001811309871,0.011957696952386802,0.01020026953615107,0.004535075762426476,0.0036731940901506494,0.0027992132893835033,0.002023923388390426,0.0017177916884510095,0.001684509173161123,0.0013550642946894322,0.0011482011188729897,0.0010676391187859657,0.0009890089981563755,0.0009124393219045935,0.0008745294506666065,0.0008252897826458699
WOA,F1,0.15860772132873535,69647.19480582284,61722.335868155664,38560.11082485834,35622.87117871298,35101.92609851879,23875.658143291366,20573.869644617058,9920.280139771708,5550.606665761568,4682.798142002858,3433.4108444139824,2822.0446854674847,2316.77591092627,1270.6199811759243,419.4055004796282,310.3543858693358,149.6321528368179,131.69930457260833,129.78662003985667,66.15171099649312,55.67963686621031,19.357160306491792,5.646623818209451,3.1348388025037486,2.552486977841508,1.9795151736631669,1.435864205558744,1.3414494595933864,0.8702105201643159,0.4380224476250719,0.20433362486941506,0.0903348073538018,0.026945404050590118,0.01939095075543379,0.013237626965740164,0.005822271050499139,0.004929379165638878,0.0028229665042538853,0.0011797490310413716,0.0008781303496641272,0.0004099675808290426,0.0002513568465869038,0.00021498438917333376,0.00012157107806315206,9.795846766878713e-05,9.22701298506667e-05,8.498545986036741e-05,7.77489287230631e-05,7.398122001093328e-05,7.013433431946915e-05
WOA,F1,0.16751480102539062,61564.469933257074,59097.463750552444,39661.216416829775,36297.77580739727,34960.526776629624,33996.20544585671,28413.25354104338,22726.22937842632,21293.86030842566,19928.115576055967,11577.375638805905,10405.836199207059,8611.149215701906,3662.9640087535468,1186.4098019113344,342.0944179742911,212.0941503283422,189.9440009803574,171.4931872511107,147.63205641860276,75.98115583882135,57.10219957370895,39.37146360878609,31.406338642733463,27.813903491229507,9.709095604070592,6.879232308496999,3.8209599275901676,1.3311539546977533,1.2396136468962806,0.9335766665271562,0.7114308897495857,0.5935260638333156,0.4175507648366277,0.278357556131158,0.210527643280941,0.17221385725035868,0.1321697316378536,0.09848311795447771,0.07877617538145243,0.041953077015574616,0.02773911708977788,0.016966422759943905,0.011765393761183985,0.010288130011038897,0.00937581415041473,0.007965310530500544,0.006432321842583974,0.005479028538883905,0.004995437357743624
WOA,F1,0.15059733390808105,67701.38214369162,64981.130121456765,50857.39670937545,46566.83500730283,44986.50071271896,43227.592579465134,19688.266074628606,13422.765096319583,10244.485006729486,8605.984375144726,6551.884994825257,5227.978182485797,3032.5000239023007,2729.6506440135818,1485.3472537879097,980.3198458101161,483.6204543235331,394.3646872755178,348.16839441181656,306.3117123440233,249.20765461901482,159.59878633756233,126.11389080773849,74.69321037838708,58.34923316618637,27.81295164769563,11.319040450954779,10.475354942125973,4.136351745998696,2.493313171316023,1.89211200951652,1.5409393503759703,0.9534358240817865,0.6639561287329951,0.5016177764944377,0.2928735116421409,0.23873568756053212,0.17465571699958965,0.1207332564034464,0.09670944188573995,0.06342472329869019,0.04221675429555284,0.03300677020752936,0.026520724780304355,0.020726756667153373,0.01709172157713368,0.01389210737061796,0.011350546513070669,0.009046915896774385,0.007987707472320416
WOA,F1,0.14568376541137695,58995.464356819044,56768.25053412375,40390.07992564595,33258.361316254865,17418.119703165976,13398.688841544552,8236.748508036202,7922.188991002758,4443.204288075783,4443.204288075783,3630.0277517277163,2698.261936021408,1927.4401855853655,1488.4692866262283,1004.6742997679077,671.9744412424305,612.5421717521103,457.8188278475484,284.09782257014825,222.3246171476729,178.55665098316058,171.69298986275044,145.70833326171544,44.72710201099983,44.19965861542129,8.06910191896317,5.491379129951597,2.2645227569573114,1.3848769473301268,1.0948056154307984,0.9447934759966572,0.6664121732507221,0.43109734268954497,0.2465757511100442,0.16214278789490655,0.09737333261135928,0.0504508733132846,0.04171938764106842,0.02348358575450973,0.01306105521440391,0.009332575305145262,0.006823137016270523,0.003901313261360144,0.0024355013693309674,0.001422543075566305,0.0007448498797688225,0.0005241375329293007,0.0004656474949129317,0.0003841384122414284,0.0002908946462826372
WOA,F4,0.15454673767089844,90.42504393840522,90.42504393840522,90.42504393840522,90.42504393840522,90.24828329031425,90.19550899482007,90.19550899482007,84.61096984394557,55.25421122505096,51.104966690999575,45.52015732955059,45.52015732955059,45.30298895567091,45.017890459850555,45.017890459850555,45.01178176921068,45.01178176921068,45.01178176921068,44.983935090382516,44.97996879093245,44.97996879093245,44.970292928523456,40.19265016509638,40.018050585128336,34.64340699416179,34.47974287652311,34.08498695828947,34.08317353571154,34.08317353571154,34.08317353571154,34.08317353571154,34.08317353571154,34.08317353571154,34.081137316940094,34.029950618023356,34.011977028504035,33.89498945562234,33.84661451127176,33.84661451127176,33.84661451127176,33.84661451127176,33.82908429057143,33.82855127567603,33.82855127567603,33.82748507037137,33.8251740343617,33.8251740343617,33.82408619274163,33.82408619274163,33.816882471179554
WOA,F4,0.1426677703857422,87.20294910634323,87.20294910634323,87.20294910634323,86.67034161123003,86.67034161123003,86.67034161123003,86.67034161123003,86.67034161123003,86.65843817353905,86.65843817353905,86.65843817353905,86.65843817353905,86.65843817353905,86.65843817353905,86.65843817353905,86.65843817353905,86.65843817353905,86.65843817353905,86.65843817353905,86.65843817353905,86.65843817353905,86.65843817353905,86.65309165130795,86.65309165130795,86.65309165130795,86.65309165130795,86.65309165130795,86.65033707390022,86.65033707390022,86.64042564093896,86.64029208302486,86.64029208302486,86.64029208302486,86.6162109724799,86.6162109724799,86.61465422606172,86.61465422606172,86.61465422606172,86.61465422606172,86.61465422606172,86.61465422606172,86.61465422606172,86.61465422606172,86.61465422606172,86.61465422606172,86.61465422606172,86.61465422606172,86.61465422606172,86.61465422606172,86.61465422606172
WOA,F4,0.15309596061706543,87.41629048205681,87.41629048205681,87.41629048205681,84.22014626443993,83.3470780283029,83.11677759799612,83.00775801594804,83.00775801594804,82.86959483023531,82.20333227400538,81.64070361586411,81.64070361586411,81.6192830578061,81.6192830578061,81.6192830578061,81.61635002042661,81.61635002042661,81.61616051900545,81.60120179213897,81.59014209127552,81.59014209127552,81.59014209127552,81.59014209127552,81.59014209127552,81.59014209127552,81.59014209127552,81.59014209127552,81.59014209127552,81.59014209127552,81.59014209127552,81.58971881389955,81.58971881389955,81.58971881389955,81.58971881389955,81.58971881389955,81.58971881389955,81.58971881389955,81.58971881389955,81.58968702841216,81.58968702841216,81.58968702841216,81.58968702841216,81.58968702841216,81.58968702841216,81.58968702841216,81.58927036485467,81.58927036485467,81.58927036485467,81.58927036485467,81.58927036485467
WOA,F4,0.1466081142425537,92.76296598943932,92.76296598943932,91.8381533943814,85.00607115778735,84.54989907764414,84.54989907764414,84.54989907764414,84.54989907764414,84.54377190397209,84.49897767608338,84.48295808217372,84.48295808217372,84.48189535517817,84.47917795317136,84.47917795317136,84.47917795317136,84.47917795317136,84.47715236120317,84.47715236120317,84.47715236120317,84.47715236120317,84.47715236120317,84.47715236120317,84.47715236120317,84.47715236120317,84.47715236120317,84.47715236120317,84.47715236120317,84.47715236120317,84.47715236120317,84.47715236120317,84.47715236120317,84.47715236120317,84.47715236120317,84.47715236120317,84.47715236120317,84.47715236120317,84.47715236120317,84.47715236120317,84.47715236120317,84.47715236120317,84.47715236120317,84.4771117279302,84.47469260137933,84.46777194265593,84.13997578109156,84.06062386513153,83.96180815856145,83.94058656122806,83.89925027392759
WOA,F4,0.15262222290039062,88.15620161913019,88.0196596489111,87.9505424158734,87.9505424158734,87.27397446832848,87.27397446832848,87.27367362472778,87.263085891268,87.263085891268,87.21515800360865,79.53435617895133,65.10718131090493,65.10718131090493,65.10718131090493,64.99590709807369,64.99590709807369,64.64665453700333,61.40172994187494,60.75518806500448,60.75518806500448,60.48538131251194,60.48538131251194,60.47554651082073,60.47554651082073,60.471469087576146,60.470152669369256,60.40226916020303,60.40226916020303,60.40226916020303,60.25560725224513,60.25560725224513,60.25560725224513,60.21276038158124,60.20031597421499,60.20031597421499,60.20031597421499,60.077948488618226,58.73187464735747,57.48715483679359,54.30165414478583,52.40931831842794,51.33087548881578,51.21478477508645,51.21478477508645,51.196916958282074,51.193693028722926,51.19130397006023,51.19079230525456,51.19079230525456,51.18986647222174
WOA,F4,0.1765577793121338,86.24147074422964,84.60423624295893,82.19557318411721,81.73785659280125,81.59442363249566,79.95646406028166,73.37891238127773,72.07920425877897,72.07920425877897,71.85990316870186,71.85990316870186,71.85990316870186,71.84761015351872,71.69164470432534,71.66813967816323,61.3675042668825,55.15750844119717,55.15750844119717,55.15750844119717,55.15750844119717,55.15750844119717,55.15750844119717,55.155894620502686,55.155894620502686,55.155894620502686,55.155894620502686,55.155894620502686,55.155894620502686,55.15432755760612,55.15331041558121,55.15331041558121,55.15331041558121,55.15331041558121,55.153278480417974,55.153278480417974,55.153278480417974,55.153278480417974,55.153278480417974,55.153278480417974,55.153278480417974,55.153278480417974,55.153278480417974,55.153278480417974,55.153278480417974,55.1531673662173,55.1531673662173,55.1531673662173,55.15299453770272,55.15299453770272,55.15299453770272
WOA,F4,0.14760494232177734,88.63930620760621,88.63930620760621,88.63930620760621,87.50888240807774,87.32486905684286,85.32214693498811,85.32214693498811,85.05809745138399,85.05809745138399,85.05809745138399,85.05809745138399,85.05809745138399,85.05809745138399,85.02669289971162,85.02669289971162,85.02669289971162,85.02669289971162,84.99941499121753,84.99941499121753,84.99941499121753,84.99941499121753,84.99941499121753,84.99941499121753,84.99941499121753,84.99182840012402,84.99182840012402,84.99182840012402,84.99182840012402,84.99182840012402,84.99182840012402,84.99182840012402,84.99092713088298,84.95899950647004,84.95899950647004,84.9195306848742,84.8811840270432,84.86407720527612,84.84266476528009,84.84266476528009,84.84266476528009,84.82960075681555,84.82960075681555,84.82960075681555,84.82960075681555,84.82960075681555,84.82960075681555,84.82960075681555,84.82667230992007,84.82661504089255,84.82661504089255
WOA,F4,0.147566556930542,91.64113036624047,91.64113036624047,88.9609369660226,75.5038789610156,59.71268738815279,46.767798763218124,36.85320211476747,36.85320211476747,36.79910158643715,36.79910158643715,36.79910158643715,36.78979062632754,36.76451954357058,36.76451954357058,36.76451954357058,36.76451954357058,36.76451954357058,36.76451954357058,36.76451954357058,36.74886276621969,35.67107453788431,32.795518702337624,25.41891901246912,25.41891901246912,25.41891901246912,25.390031598261942,25.3510803202257,25.347655864020805,25.285581725218126,25.285581725218126,25.278360530530485,25.278360530530485,25.278360530530485,25.278360530530485,25.278360530530485,25.278360530530485,25.278360530530485,25.2772400789555,25.27673007913436,25.27673007913436,25.27673007913436,25.27673007913436,25.276708325670878,25.276708325670878,25.276708325670878,25.27662946042978,25.27662946042978,25.27662946042978,25.27662946042978,25.27661078386139
WOA,F4,0.14867353439331055,89.89129392264843,89.89129392264843,88.7729617007271,88.7729617007271,88.4553280495953,88.4553280495953,88.44840673066236,88.36164364406834,83.26424188359007,62.276384850287734,61.535036152681144,61.499995051556475,61.37529057664931,61.06080004811079,60.92666573626738,60.28937531415942,60.014411990769105,58.90714161202959,58.68396939913848,58.68396939913848,58.672871648215086,58.672871648215086,58.672871648215086,58.672871648215086,58.66689029359707,58.66689029359707,58.66689029359707,58.66689029359707,58.6607233197326,58.6607233197326,58.65934433295969,58.65934433295969,58.659296079170964,58.659296079170964,58.659296079170964,58.659296079170964,58.659296079170964,58.659296079170964,58.659296079170964,58.659296079170964,58.659277354541594,58.659277354541594,58.659277354541594,58.659277354541594,58.659277354541594,58.659277354541594,58.659277354541594,58.659277354541594,58.659277354541594,58.65877119543841
WOA,F4,0.14755654335021973,88.80772685316452,88.59976628328045,87.45867445348546,86.22298397446826,85.7102053544016,85.27852424595756,84.39212730314438,84.38421518407768,84.38421518407768,84.38421518407768,84.12800700139903,84.12800700139903,84.12800700139903,84.12623636358163,84.12472882949031,84.12472882949031,84.12472882949031,84.12472882949031,84.1223786839456,84.1223786839456,84.1223786839456,84.1223786839456,84.1223786839456,84.1223786839456,84.1223786839456,84.1223786839456,84.1223786839456,84.11931799598361,84.09896311879818,84.09896311879818,84.09896311879818,84.09713292794983,84.09589019367642,84.09589019367642,84.09589019367642,84.09589019367642,84.09589019367642,84.09589019367642,84.09589019367642,84.09589019367642,84.09589019367642,84.09589019367642,84.09544540825668,84.09544540825668,84.09544540825668,84.09544540825668,84.09544540825668,84.09544540825668,84.09544540825668,84.09344763347949
GA,F1,0.06386613845825195,61090.450383740055,61090.450383740055,56097.63550469516,56097.63550469516,56097.63550469516,56097.63550469516,56097.63550469516,56097.63550469516,56097.63550469516,56097.63550469516,56097.63550469516,54936.99915687692,54536.11172498967,51999.82123030746,46822.19787271334,46822.19787271334,42436.54997070432,42436.54997070432,41056.25422791015,34601.13187516926,31900.472725240794,31900.472725240794,31900.472725240794,31900.472725240794,31900.472725240794,31900.472725240794,31900.472725240794,29941.830482083526,29941.830482083526,29941.830482083526,29941.830482083526,29941.830482083526,29941.830482083526,29941.830482083526,26770.427865861304,26770.427865861304,26770.427865861304,26770.427865861304,26770.427865861304,25068.75236310681,25068.75236310681,25068.75236310681,25068.75236310681,25068.75236310681,25068.75236310681,25068.75236310681,25068.75236310681,25068.75236310681,25068.75236310681,25068.75236310681
GA,F1,0.06682372093200684,70728.98962896329,70728.98962896329,70728.98962896329,70728.98962896329,63978.039938774855,63978.039938774855,63978.039938774855,59923.00367040979,59923.00367040979,55127.22854314372,50076.310548245,50076.310548245,49296.08602073104,49296.08602073104,46392.17107489603,40883.36755812732,39615.64133839824,36000.6701517701,34732.943932041024,34732.943932041024,34732.943932041024,31995.50305673837,31995.50305673837,31516.44559627363,31516.44559627363,28710.006087738002,28710.006087738002,28710.006087738002,26466.985484649864,23125.225573589945,22596.808656297293,22596.808656297293,22596.808656297293,22596.808656297293,21016.687296666354,21016.687296666354,21016.687296666354,21016.687296666354,21016.687296666354,21016.687296666354,20894.01680510997,20894.01680510997,20894.01680510997,20894.01680510997,19736.549615397467,19736.549615397467,19736.549615397467,19613.879123841085,19613.879123841085,19613.879123841085
GA,F1,0.07280135154724121,53379.476026707096,41943.822189568426,41943.822189568426,41943.822189568426,40921.83619470714,40921.83619470714,40921.83619470714,35007.43593343425,35007.43593343425,35007.43593343425,35007.43593343425,35007.43593343425,35007.43593343425,35007.43593343425,34734.33789818632,31427.089831778565,31427.089831778565,31427.089831778565,31270.419276128516,31270.419276128516,31270.419276128516,31040.41123438879,31040.41123438879,31040.41123438879,31040.41123438879,30951.12319468811,30603.36152020574,28560.086406557657,28212.32473207529,28212.32473207529,27982.316690335563,27982.316690335563,27982.316690335563,27982.316690335563,27982.316690335563,27982.316690335563,25219.82584108086,25219.82584108086,25219.82584108086,25219.82584108086,25219.82584108086,25219.82584108086,25219.82584108086,25219.82584108086,25219.82584108086,25219.82584108086,25219.82584108086,25219.82584108086,25219.82584108086,24037.732737245216
GA,F1,0.061419010162353516,66845.6038658859,66845.6038658859,66845.6038658859,58720.01661367862,58321.61962757238,52220.33752526977,52220.33752526977,52220.33752526977,49447.87620732932,49447.87620732932,45745.63857545664,45745.63857545664,45745.63857545664,45745.63857545664,45745.63857545664,45745.63857545664,45745.63857545664,45745.63857545664,45745.63857545664,45745.63857545664,39619.95241488308,39619.95241488308,38310.52531313848,38310.52531313848,38310.52531313848,38310.52531313848,38310.52531313848,38310.52531313848,38310.52531313848,38310.52531313848,37099.10879499007,34473.83123959841,34473.83123959841,34473.83123959841,33053.28345914465,31841.86694099624,31841.86694099624,31841.86694099624,31841.86694099624,31841.86694099624,31841.86694099624,30108.850373506124,30108.850373506124,30108.850373506124,30108.850373506124,30108.850373506124,30108.850373506124,29313.025525414934,29313.025525414934,29313.025525414934
GA,F1,0.06678295135498047,61220.65150385317,61220.65150385317,51951.90925206308,51951.90925206308,51387.8720130549,50119.40178885855,50119.40178885855,50119.40178885855,50119.40178885855,50119.40178885855,50119.40178885855,48324.32792434162,48324.32792434162,45126.10757784481,45126.10757784481,45126.10757784481,39619.62046821996,39619.62046821996,39512.676763902055,36985.90691877507,35620.88972942074,34941.26359348275,34941.26359348275,33917.55490663927,33917.55490663927,33291.17970523318,33027.10229534181,32870.39293306198,32870.39293306198,32870.39293306198,27891.334603104024,27891.334603104024,27891.334603104024,27891.334603104024,27891.334603104024,26849.481591755506,26849.481591755506,26491.368925378443,26491.368925378443,26491.368925378443,26491.368925378443,26345.605424417936,25993.178867229602,25993.178867229602,25993.178867229602,25993.178867229602,25987.492758040873,25987.492758040873,25987.492758040873,25987.492758040873
GA,F1,0.07380199432373047,76853.61344869228,74524.48260840742,72830.38069060445,66266.1540648869,66266.1540648869,66266.1540648869,62221.255570241774,60969.10021904994,60969.10021904994,60969.10021904994,58850.99173578533,43764.455666547845,43764.455666547845,43764.455666547845,39421.346971869374,39421.346971869374,39057.298463571235,39057.298463571235,36301.861487061135,36301.861487061135,35235.08845293681,35235.08845293681,30980.71008542904,30980.71008542904,30980.71008542904,30980.71008542904,24844.421630774,24844.421630774,24844.421630774,24844.421630774,24844.421630774,24844.421630774,24844.421630774,22164.49555676213,22164.49555676213,22164.49555676213,22164.49555676213,22164.49555676213,22164.49555676213,21958.923013437525,21958.923013437525,21292.070993854017,21292.070993854017,21292.070993854017,21292.070993854017,21292.070993854017,21292.070993854017,21292.070993854017,21292.070993854017,20396.92409807849
GA,F1,0.07582855224609375,67625.22504070733,67625.22504070733,63350.1455158264,63350.1455158264,61039.58208432831,57021.490452939375,57021.490452939375,57021.490452939375,57021.490452939375,55587.47524953049,52042.552449011826,52042.552449011826,51174.242516710954,49039.501818603625,42164.490767417476,42164.490767417476,41551.952038469644,41551.952038469644,41551.952038469644,36814.45357960245,36814.45357960245,36814.45357960245,36814.45357960245,36814.45357960245,36814.45357960245,36814.45357960245,35347.508358705534,35347.508358705534,32682.953990694743,32682.712742030726,32682.712742030726,32682.712742030726,31270.20979511456,31270.20979511456,31270.20979511456,31270.20979511456,31270.20979511456,31270.20979511456,31270.20979511456,31270.20979511456,31270.20979511456,29315.473229397743,29315.473229397743,29315.473229397743,29315.473229397743,27549.095288776767,27549.095288776767,24484.053521545655,24484.053521545655,24484.053521545655
GA,F1,0.06579017639160156,71672.63473578995,56448.47350194305,52365.53608245676,52365.53608245676,52365.53608245676,48938.36229083623,45782.82784985493,39682.508316556414,36485.739019725224,36485.739019725224,36485.739019725224,31496.224484211485,31496.224484211485,29806.13980936431,29806.13980936431,26784.467384789546,26784.467384789546,26488.11966882653,26488.11966882653,26488.11966882653,26488.11966882653,26270.044579479876,26270.044579479876,25973.696863516863,25973.696863516863,24410.677041693812,24410.677041693812,24410.677041693812,24410.677041693812,24410.677041693812,24410.677041693812,24410.677041693812,24410.677041693812,24410.677041693812,24410.677041693812,24148.033587127848,24148.033587127848,24015.693280202184,16951.211424918034,16951.211424918034,16951.211424918034,16951.211424918034,16951.211424918034,16951.211424918034,16951.211424918034,16951.211424918034,16951.211424918034,16951.211424918034,16951.211424918034,16951.211424918034
GA,F1,0.061834096908569336,77940.26432609325,69117.9027726623,69117.9027726623,69117.9027726623,67944.19588450785,59614.47344282002,59614.47344282002,56990.43016833367,56990.43016833367,49908.812498462576,44835.56354298016,44835.56354298016,44060.28915224737,43664.075284631566,43664.075284631566,37185.00532076268,37185.00532076268,37185.00532076268,37185.00532076268,37185.00532076268,37185.00532076268,36523.54014611338,36523.54014611338,36523.54014611338,36523.54014611338,36523.54014611338,35947.31787046134,35947.31787046134,35285.85269581204,34900.55291108382,34900.55291108382,34889.63882819623,34889.63882819623,34889.63882819623,34889.63882819623,34889.63882819623,34889.63882819623,34524.460750700724,34524.460750700724,34501.498477273795,34501.498477273795,33271.52771725864,33248.56544383172,33248.56544383172,32721.665404343,31204.898845131127,31204.898845131127,28730.197989154014,28311.021848111275,28311.021848111275
GA,F1,0.06781697273254395,84158.43286363821,70558.55942671571,68573.55539162619,64895.97911008771,59405.841486795165,59405.841486795165,56848.96642180175,56848.96642180175,56848.96642180175,51644.46748973667,51644.46748973667,48904.92721912256,48904.92721912256,46738.462165678066,46738.462165678066,35769.6583223558,34976.13052856184,34976.13052856184,30523.9699396483,27857.084193990657,27857.084193990657,27857.084193990657,27857.084193990657,27857.084193990657,27800.784709309293,27800.784709309293,27800.784709309293,27800.784709309293,27034.09598506363,26527.759977452355,26527.759977452355,26527.759977452355,26094.62738114936,25298.557550152847,25298.557550152847,24505.02975635888,24485.522648588278,23917.28627730191,23917.28627730191,23917.28627730191,23917.28627730191,23917.28627730191,23917.28627730191,23917.28627730191,23913.174300554674,23913.174300554674,23545.136612874172,21643.70580077431,21643.70580077431,21643.70580077431
GA,F4,0.0608365535736084,94.3158877883954,91.44527744250954,85.38508931022461,81.92134538295592,81.92134538295592,81.92134538295592,81.92134538295592,81.92134538295592,81.92134538295592,81.92134538295592,81.92134538295592,81.92134538295592,81.92134538295592,81.92134538295592,81.92134538295592,78.52682933922142,77.88223312187515,77.88223312187515,77.88223312187515,77.88223312187515,77.88223312187515,77.88223312187515,77.88223312187515,77.88223312187515,77.88223312187515,77.88223312187515,77.88223312187515,77.88223312187515,77.88223312187515,77.88223312187515,77.88223312187515,77.88223312187515,77.88223312187515,77.88223312187515,77.88223312187515,77.88223312187515,77.88223312187515,77.88223312187515,77.88223312187515,77.88223312187515,77.88223312187515,77.88223312187515,77.88223312187515,77.88223312187515,77.88223312187515,77.88223312187515,77.88223312187515,77.88223312187515,77.88223312187515,77.88223312187515
GA,F4,0.06183505058288574,94.48116589676691,87.86463086621399,87.86463086621399,87.86463086621399,87.86463086621399,87.3801662736597,81.7454282026755,81.7454282026755,81.7454282026755,81.7454282026755,81.67096233157984,81.67096233157984,69.47750786422088,69.47750786422088,68.93393800393125,68.93393800393125,68.93393800393125,68.93393800393125,68.93393800393125,68.93393800393125,68.93393800393125,68.93393800393125,68.93393800393125,68.93393800393125,68.93393800393125,68.93393800393125,68.93393800393125,68.93393800393125,68.93393800393125,68.93393800393125,68.93393800393125,68.87342298405673,68.87342298405673,68.87342298405673,68.87342298405673,68.87342298405673,68.87342298405673,68.87342298405673,68.61142769857176,68.61142769857176,68.61142769857176,68.61142769857176,68.61142769857176,68.61142769857176,68.61142769857176,68.61142769857176,66.89210171860478,66.89210171860478,66.89210171860478,66.89210171860478
GA,F4,0.059835195541381836,88.30788096737518,82.65604420906317,82.65604420906317,82.65604420906317,82.65604420906317,82.65604420906317,82.65604420906317,82.65604420906317,82.65604420906317,80.01254586001491,78.84183551890156,78.84183551890156,78.84183551890156,78.84183551890156,78.68527128047624,78.68527128047624,78.68527128047624,78.68527128047624,78.68527128047624,78.68527128047624,78.68527128047624,78.68527128047624,78.63628321636982,78.63628321636982,78.63628321636982,78.63628321636982,74.1114958390452,74.1114958390452,74.1114958390452,74.1114958390452,74.1114958390452,74.1114958390452,74.1114958390452,74.1114958390452,74.1114958390452,74.1114958390452,74.1114958390452,74.1114958390452,74.1114958390452,74.1114958390452,74.1114958390452,74.1114958390452,74.1114958390452,74.1114958390452,74.1114958390452,74.1114958390452,74.1114958390452,74.1114958390452,74.1114958390452,74.1114958390452
GA,F4,0.05984234809875488,90.55646358424889,90.55646358424889,90.55646358424889,85.69425615968527,85.20427311575283,85.20427311575283,85.20427311575283,85.20427311575283,85.20427311575283,80.21015924178813,79.15365195597778,79.15365195597778,79.15365195597778,79.15365195597778,79.15365195597778,79.15365195597778,79.15365195597778,79.15365195597778,79.15365195597778,79.15365195597778,79.15365195597778,79.15365195597778,79.15365195597778,79.15365195597778,79.15365195597778,79.15365195597778,79.15365195597778,79.15365195597778,79.15365195597778,79.15365195597778,76.49688452384348,76.49688452384348,76.49688452384348,76.49688452384348,76.49688452384348,76.49688452384348,74.76648329690121,74.76648329690121,74.76648329690121,74.76648329690121,74.76648329690121,74.76648329690121,74.76648329690121,71.22798243079876,69.11450584667625,69.11450584667625,69.11450584667625,69.11450584667625,69.11450584667625,69.11450584667625
GA,F4,0.05880928039550781,93.89825181668058,92.91061534123367,89.8788876549345,89.63808136102176,86.67699668629676,86.67699668629676,86.67699668629676,86.67699668629676,86.67699668629676,86.67699668629676,86.67699668629676,86.67699668629676,86.67699668629676,86.67699668629676,86.67699668629676,86.67699668629676,86.67699668629676,86.67699668629676,86.67699668629676,81.99595833218311,81.99595833218311,81.71341917848878,81.71341917848878,81.71341917848878,81.71341917848878,81.71341917848878,81.71341917848878,81.71341917848878,81.71341917848878,81.71341917848878,81.71341917848878,81.71341917848878,81.71341917848878,81.71341917848878,79.44853374869362,79.32628648101203,79.32628648101203,79.32628648101203,79.32628648101203,79.32628648101203,79.32628648101203,79.32628648101203,79.32628648101203,79.32628648101203,79.32628648101203,79.32628648101203,78.5876893320605,78.5876893320605,78.5876893320605,78.5876893320605
GA,F4,0.05987262725830078,91.36965206711139,91.36965206711139,84.38113533446354,84.38113533446354,84.38113533446354,84.38113533446354,84.38113533446354,84.38113533446354,84.38113533446354,84.38113533446354,84.38113533446354,84.38113533446354,82.55615772915858,82.55615772915858,82.55615772915858,81.65487469129525,80.92882371855261,80.92882371855261,80.92882371855261,80.92882371855261,80.92882371855261,80.92882371855261,80.92882371855261,80.92882371855261,80.92882371855261,80.92882371855261,80.92882371855261,79.0632343704815,79.0632343704815,79.0632343704815,77.34772642567879,75.25208890067296,75.25208890067296,73.04405195636625,72.00454471754674,72.00454471754674,72.00454471754674,72.00454471754674,72.00454471754674,72.00454471754674,72.00454471754674,72.00454471754674,72.00454471754674,72.00454471754674,72.00454471754674,71.89238355686626,71.89238355686626,71.89238355686626,71.89238355686626,71.89238355686626
GA,F4,0.05984044075012207,88.49510112254058,87.97577609968548,86.79797601238096,86.79797601238096,86.68389189643617,86.68389189643617,84.79283266504441,84.30457566484853,84.30457566484853,84.30457566484853,84.30457566484853,84.30457566484853,82.73806670555706,82.73806670555706,82.73806670555706,82.73806670555706,82.73806670555706,82.73806670555706,82.73806670555706,82.73806670555706,82.73806670555706,82.73806670555706,82.73806670555706,82.73806670555706,82.73806670555706,77.63440265400013,77.63440265400013,77.63440265400013,77.63440265400013,77.63440265400013,77.63440265400013,77.63440265400013,77.63440265400013,77.63440265400013,77.63440265400013,77.63440265400013,76.12262000289869,76.12262000289869,76.12262000289869,76.12262000289869,76.12262000289869,76.12262000289869,69.71213420393326,69.71213420393326,68.21042546364174,68.21042546364174,66.07184778271417,66.07184778271417,66.07184778271417,66.07184778271417
GA,F4,0.05784726142883301,92.00121931801503,91.21329809797533,91.21329809797533,87.47462428004964,85.0226395784374,85.0226395784374,85.0226395784374,85.0226395784374,84.38140548783082,84.38140548783082,83.50889771528216,83.50889771528216,83.50889771528216,83.50889771528216,83.50889771528216,83.50889771528216,82.99657136681613,82.99657136681613,82.99657136681613,77.15133228662859,77.15133228662859,77.15133228662859,77.15133228662859,77.15133228662859,77.15133228662859,77.15133228662859,77.15133228662859,77.15133228662859,77.15133228662859,75.23695053865154,75.23695053865154,75.23695053865154,75.23695053865154,75.23695053865154,75.23695053865154,75.23695053865154,75.23695053865154,75.04859434164857,74.00894934154644,74.00894934154644,74.00894934154644,70.84302705907425,70.84302705907425,70.84302705907425,70.84302705907425,70.10856788209551,70.10856788209551,70.10856788209551,70.10856788209551,70.10856788209551
GA,F4,0.06678485870361328,76.91283788753046,76.91283788753046,76.91283788753046,76.91283788753046,76.91283788753046,76.91283788753046,76.91283788753046,76.91283788753046,76.08130824422145,76.08130824422145,76.08130824422145,76.08130824422145,76.08130824422145,76.08130824422145,76.08130824422145,76.08130824422145,76.08130824422145,76.08130824422145,76.08130824422145,76.08130824422145,76.08130824422145,76.08130824422145,76.08130824422145,76.08130824422145,76.08130824422145,76.08130824422145,76.08130824422145,76.08130824422145,76.08130824422145,76.08130824422145,76.08130824422145,74.72330839776689,74.72330839776689,74.72330839776689,74.72330839776689,74.72330839776689,74.72330839776689,74.72330839776689,74.23876642701428,74.23876642701428,74.23876642701428,73.74580178614107,73.74580178614107,73.74580178614107,73.74580178614107,73.74580178614107,73.74580178614107,73.74580178614107,73.74580178614107,73.74580178614107
GA,F4,0.060837507247924805,87.5245045901604,87.5245045901604,87.5245045901604,87.5245045901604,87.5245045901604,87.5245045901604,87.5245045901604,87.5245045901604,87.5245045901604,87.5245045901604,87.5245045901604,84.00206326266505,84.00206326266505,84.00206326266505,84.00206326266505,82.14753968407783,82.14753968407783,82.14753968407783,82.14753968407783,82.14753968407783,82.14753968407783,82.14753968407783,82.14753968407783,82.14753968407783,82.14753968407783,82.14753968407783,82.14753968407783,82.14753968407783,82.14753968407783,82.14753968407783,82.14753968407783,82.14753968407783,82.14753968407783,82.14753968407783,76.66183540762256,76.66183540762256,76.66183540762256,76.66183540762256,76.66183540762256,76.66183540762256,76.66183540762256,76.66183540762256,76.66183540762256,76.66183540762256,76.66183540762256,76.66183540762256,76.66183540762256,76.66183540762256,76.66183540762256,76.66183540762256
